_ - name,_ - _line,_ - retrieved_at,_ - company_number,cp_number_wikidata,_ - current_status,_ - jurisdiction_code,_ - registered_address,street,postal_code,city,_ - all_attributes - registrar,_ - all_attributes - _registerArt,_ - all_attributes - federal_state,_ - all_attributes - _registerNummer,_ - all_attributes - native_company_number,_ - all_attributes - registered_office,_ - all_attributes - former_registrar,_ - all_attributes - _registerNummerSuffix,_ - all_attributes - additional_data - AD,_ - all_attributes - additional_data - CD,_ - all_attributes - additional_data - DK,_ - all_attributes - additional_data - HD,_ - all_attributes - additional_data - SI,_ - all_attributes - additional_data - UT,_ - all_attributes - additional_data - VÖ,_ - all_attributes - additional_data - ,_ - all_attributes - additional_data - Note:,_ - previous_names - _ - company_name,_ - officers - _ - name,_ - officers - _ - type,_ - officers - _ - position,_ - officers - _ - start_date,_ - officers - _ - end_date,_ - officers - _ - other_attributes - lastname,_ - officers - _ - other_attributes - firstname,_ - officers - _ - other_attributes - city,_ - officers - _ - other_attributes - dismissed,_ - officers - _ - other_attributes - flag,_ - officers - _ - other_attributes - reference_no,_ - officers - _ - other_attributes - title,_ - officers - _ - other_attributes - maidenname,_ - subsequent_registrations - _ - data_type,_ - subsequent_registrations - _ - confidence,_ - subsequent_registrations - _ - source_url,_ - subsequent_registrations - _ - start_date,_ - subsequent_registrations - _ - retrieved_at,_ - subsequent_registrations - _ - start_date_type,_ - subsequent_registrations - _ - publication_date,_ - subsequent_registrations - _ - subsequent_registration_start_date,_ - subsequent_registrations - _ - previous_entity - entity_type,_ - subsequent_registrations - _ - previous_entity - entity_properties - company_number,_ - subsequent_registrations - _ - previous_entity - entity_properties - jurisdiction_code,_ - subsequent_registrations - _ - subsequent_entity - entity_type,_ - subsequent_registrations - _ - subsequent_entity - entity_properties - company_number,_ - subsequent_registrations - _ - subsequent_entity - entity_properties - jurisdiction_code
Bauunternehmen Volk GmbH,1600547,2018-06-19T14:10:11Z,D4401V_HRB855,de/D4401V_HRB855,currently registered,de,Sandstr.,Sandstr.,,,Coburg,HRB,Bavaria,855,Coburg HRB 855,Weißenbrunn,,,true,true,true,true,true,true,true,,,,,,,,,,,,,,,,,,,,,,,,,,,,,,
Werner Schuh GmbH & Co. KG.,1600826,2018-06-19T14:10:11Z,P2716_HRA855,de/P2716_HRA855,currently registered,de,Walsroder Str.,Walsroder Str.,,,Walsrode,HRA,Lower Saxony,855,Walsrode HRA 855,Bomlitz-Uetzingen,,,true,true,true,true,false,true,true,,,,Benjamin Schuh,person,Prokurist,2010-09-28,,Schuh,Benjamin,Bomlitz,,,,,,,,,,,,,,,,,,,
Klinker u. Partner GmbH,1601017,2018-06-19T14:14:15Z,X1517R_HRB856SE,de/X1517R_HRB856SE,removed,de,Berliner Str.,Berliner Str.,,,Kiel,HRB,Schleswig-Holstein,856,Kiel HRB 856 SE,Seedorf,,SE,false,true,true,true,false,true,true,,,,Karsten Klinker,person,Liquidator,2009-04-14,,Klinker,Karsten,Kaufmann,,,,Seedorf,,,,,,,,,,,,,,,
Treubilanz Steuerberatungsgesellschaft mbH,1601127,2018-06-19T14:14:15Z,U1104_HRB856,de/U1104_HRB856,currently registered,de,Löbtauer Str.,Löbtauer Str.,,,Dresden,HRB,Saxony,856,Dresden HRB 856,Dresden,,,true,true,true,true,true,true,true,,,,,,,,,,,,,,,,,,,,,,,,,,,,,,
Frisia Consulting Verwaltungs GmbH,1601275,2018-06-19T14:18:48Z,P3101_HRB857,de/P3101_HRB857,currently registered,de,Braunsberger Str.,Braunsberger Str.,,,Aurich,HRB,Lower Saxony,857,Aurich HRB 857,Emden,,,true,true,true,true,false,true,true,,,Frisia Windkraft GmbH,,,,,,,,,,,,,,,,,,,,,,,,,,,
Gerüstbau - Zimmerer GmbH Altentreptow,1601606,2018-06-19T14:34:44Z,N1105V_HRB859,de/N1105V_HRB859,currently registered,de,Fritz-Reuter-Str.,Fritz-Reuter-Str.,,,Neubrandenburg,HRB,Mecklenburg-Western Pomerania,859,Neubrandenburg HRB 859,Altentreptow,,,true,true,true,true,true,true,true,,,,,,,,,,,,,,,,,,,,,,,,,,,,,,
OPTITHERM Sander GmbH,1601703,2018-06-19T14:34:44Z,R2809_HRB859,de/R2809_HRB859,currently registered,de,Robert-Bosch-Str.,Robert-Bosch-Str.,,,Paderborn,HRB,North Rhine-Westphalia,859,Paderborn HRB 859,Borchen,,,true,true,true,true,true,true,true,,,OPTITHERM-GLAS Sander GmbH,Johannes Sander,person,Geschäftsführer,,2013-01-04,Sander,Johannes,Borchen,true,,,Malermeister und Glasermeister,,,,,,,,,,,,,,,
Weichert GmbH & Co. KG,1601802,2018-06-19T14:34:44Z,X1721R_HRA859HL,de/X1721R_HRA859HL,currently registered,de,Spenglerstr.,Spenglerstr.,,,Lübeck,HRA,Schleswig-Holstein,859,Lübeck HRA 859 HL,Lübeck,,HL,true,true,true,true,true,true,true,,,,,,,,,,,,,,,,,,,,,,,,,,,,,,
Fleischmann Kleinschleifkörperbetriebs-GmbH,1602223,2018-06-19T14:37:40Z,D4501V_HRB861,de/D4501V_HRB861,removed,de,Egerstr.,Egerstr.,,,Hof,HRB,Bavaria,861,Hof HRB 861,Marktredwitz,,,false,true,true,true,false,true,true,,,,Heinrich : Fleischmann,person,Liquidator,2014-11-26,,: Fleischmann,Heinrich,Weißdorf,,sole representation,,,,,,,,,,,,,,,,,
Josef Kowol GmbH,1602297,2018-06-19T14:37:40Z,D4301V_HRB861,de/D4301V_HRB861,removed,de,Kulmbacher Str.,Kulmbacher Str.,,,Bayreuth,HRB,Bavaria,861,Bayreuth HRB 861,Neudrossenfeld,,,false,true,true,true,false,true,true,,,,,,,,,,,,,,,,,,,,,,,,,,,,,,
E c a n - Metallumformtechnik GmbH,1602822,2018-06-19T14:40:27Z,D3101V_HRB863,de/D3101V_HRB863,removed,de,"c/o Max Delmes GmbH, Maxhütter Str.",c/o Max Delmes GmbH,Maxhütter,Str.,Amberg,HRB,Bavaria,863,Amberg HRB 863,Teublitz,,,false,true,true,true,false,true,true,,,,Anton : Eckert,person,Liquidator,2016-04-06,,: Eckert,Anton,Schwandorf,,einzelvertretungsberechtigt wenn und solange kein weiterer Liquidator bestellt ist,,,,,,,,,,,,,,,,,
Pflege- und Altenheim Am Werder GmbH,1604262,2018-06-19T14:45:58Z,P2507_HRB867,de/P2507_HRB867,removed,de,"c/o Dierkes & Partner, Vor dem Bardowicker Tore 6 b, 21339 Lüneburg.",c/o Dierkes & Partner,Vor,"dem Bardowicker Tore 6 b, 21339 Lüneburg.",Lüneburg,HRB,Lower Saxony,867,Lüneburg HRB 867,Lüneburg,,,false,true,true,true,false,true,true,,,,Reinhard Doctor Wiens,person,Geschäftsführer,,2011-09-15,Doctor Wiens,Reinhard,Lüneburg,true,,,,,,,,,,,,,,,,,,
Ruth Schlebusch Handels- und Verwaltungs-GmbH,1604282,2018-06-19T14:45:58Z,R1304_HRB867,de/R1304_HRB867,currently registered,de,Empeler Str.,Empeler Str.,,,Kleve,HRB,North Rhine-Westphalia,867,Kleve HRB 867,Rees,,,true,true,true,true,true,true,true,,,Auto Messink Gesellschaft mit beschränkter Haftung,Ernst Messink,person,Geschäftsführer,,2006-02-02,Messink,Ernst,Rees,true,,,Kraftfahrzeugmechanikermeister,,,,,,,,,,,,,,,
Presse Reisen Nord GmbH + Co. KG,1605251,2018-06-19T14:50:05Z,X1517R_HRA870NM,de/X1517R_HRA870NM,currently registered,de,Wittorfer Str.,Wittorfer Str.,,,Kiel,HRA,Schleswig-Holstein,870,Kiel HRA 870 NM,Neumünster,,NM,true,true,true,true,true,true,true,,,Kommanditgesellschaft Presse Reisen Nord GmbH + Co.,"Presse Reisen Nord Verwaltungs GmbH, Neumünster (Amtsgericht Kiel, HRB 349 NM)",company,Persönlich haftender Gesellschafter,2013-02-07,,,,,,,,,,,,,,,,,,,,,,,
HBWconsult KG,1606111,2018-06-19T14:54:12Z,X1721R_HRA873SB,de/X1721R_HRA873SB,removed,de,Hansestr.,Hansestr.,,,Lübeck,HRA,Schleswig-Holstein,873,Lübeck HRA 873 SB,Wentorf bei Hamburg,,SB,false,true,true,true,false,true,true,,,HBW SocialConsult KG,,,,,,,,,,,,,,,,,,,,,,,,,,,
Optik Hock Gesellschaft mit beschränkter Haftung,1606510,2018-06-19T14:55:33Z,D4102V_HRB874,de/D4102V_HRB874,removed,de,Frohsinnstr.,Frohsinnstr.,,,Aschaffenburg,HRB,Bavaria,874,Aschaffenburg HRB 874,Aschaffenburg,,,false,true,true,true,false,true,true,,,,,,,,,,,,,,,,,,,,,,,,,,,,,,
PWI-Dr. Pritsch Wohnbau und Immobilien GmbH + Co. Kommanditgesellschaft,1606856,2018-06-19T14:57:01Z,U1104_HRA875,de/U1104_HRA875,currently registered,de,Leisniger Str.,Leisniger Str.,,,Dresden,HRA,Saxony,875,Dresden HRA 875,Dresden,,,true,true,true,true,true,true,true,,,,,,,,,,,,,,,,,,,,,,,,,,,,,,
Decom Prüflabor GmbH & Co. KG,1606992,2018-06-19T14:58:33Z,X1112R_HRA876KA,de/X1112R_HRA876KA,currently registered,de,Bernhard-Liening-Str.,Bernhard-Liening-Str.,,,Flensburg,HRA,Schleswig-Holstein,876,Flensburg HRA 876 KA,Kappeln,,KA,true,true,true,true,true,true,true,,,,Nadine Sahm,person,Prokurist,2011-06-03,,Sahm,Nadine,Kappeln,,,1,,,,,,,,,,,,,,,,
Janz-Präzisionstechnik GmbH,1607098,2018-06-19T14:58:33Z,X1721R_HRB876EU,de/X1721R_HRB876EU,currently registered,de,Lütjenburger Str.,Lütjenburger Str.,,,Lübeck,HRB,Schleswig-Holstein,876,Lübeck HRB 876 EU,Malente/Gremsmühlen,,EU,true,true,true,true,true,true,true,,,,Frank Wagner,person,Prokurist,2012-12-03,,Wagner,Frank,Eichwalde,,,1,,,,,,,,,,,,,,,,
BWB Betreibergemeinschaft Windenergie GmbH & Co.KG Klockow,1607298,2018-06-19T15:00:00Z,G1309_HRA877,de/G1309_HRA877,currently registered,de,Dorfstr.,Dorfstr.,,,Neuruppin,HRA,Brandenburg,877,Neuruppin HRA 877,Klockow,,,true,true,true,true,true,true,true,,,,,,,,,,,,,,,,,,,,,,,,,,,,,,
Flessauer Dienstleistungs- und Verarbeitungs GmbH,1607982,2018-06-19T15:02:32Z,W1215_HRB879,de/W1215_HRB879,removed,de,Rönnebecker Str.,Rönnebecker Str.,,,Stendal,HRB,Saxony-Anhalt,879,Stendal HRB 879,Osterburg,,,false,true,false,true,false,true,true,,,Flessauer Elektro- u. Instandsetzungsgesell. mbH,Hans-Walter Lemme,person,Geschäftsführer,2017-02-27,,Lemme,Hans-Walter,Osterburg OT Flessau,,mit der Befugnis im Namen der Gesellschaft mit sich im eigenen Namen oder als Vertreter eines Dritten Rechtsgeschäfte abzuschließen,,,,,,,,,,,,,,,,,
Georg Engelhardt GmbH,1608005,2018-06-19T15:02:32Z,D4201V_HRB879,de/D4201V_HRB879,removed,de,Wasserwerkstr.,Wasserwerkstr.,,,Bamberg,HRB,Bavaria,879,Bamberg HRB 879,Haßfurt,,,false,true,true,true,false,true,true,,,Möbel-EngelhardtGmbH-,,,,,,,,,,,,,,,,,,,,,,,,,,,
von Lilienfeld & Co. GmbH,1608515,2018-06-19T15:03:49Z,D4708V_HRB880,de/D4708V_HRB880,removed,de,Seeflurstr.,Seeflurstr.,,,Würzburg,HRB,Bavaria,880,Würzburg HRB 880,Wiesentheid,,,false,true,true,true,false,true,true,,,,Erhard : Graf von Wedel,person,Liquidator,2009-04-06,,: Graf von Wedel,Erhard,Wiesentheid,,mit der Befugnis im Namen der Gesellschaft mit sich im eigenen Namen oder als Vertreter eines Dritten Rechtsgeschäfte abzuschließen,,,,,,,,,,,,,,,,,
"Büro Überland, Höntzsch & Partner, Mediendesigner PartG",1608580,2018-06-19T15:05:05Z,D2601V_PR881,de/D2601V_PR881,removed,de,Kazmairstr.,Kazmairstr.,,,München,PR,Bavaria,881,München PR 881,München,,,false,true,true,false,false,true,true,,,Büro Überland Schober & Höntzsch / Mediendesigner Partnerschaft,,,,,,,,,,,,,,,,,,,,,,,,,,,
Wilhelm Biermann e.K.,1608853,2018-06-19T15:05:05Z,X1517R_HRA881SE,de/X1517R_HRA881SE,removed,de,Hamburger Str.,Hamburger Str.,,,Kiel,HRA,Schleswig-Holstein,881,Kiel HRA 881 SE,Henstedt-Ulzburg,,SE,false,true,true,true,false,true,true,,,,Wilhelm Änderung zu Nr. 1: Biermann,person,Inhaber,2013-06-27,,Änderung zu Nr. 1: Biermann,Wilhelm,Henstedt-Ulzburg,,,,,,,,,,,,,,,,,,,
KuFra - Werft - GmbH,1609668,2018-06-19T15:10:15Z,X1721R_HRB884HL,de/X1721R_HRB884HL,removed,de,"c/o Herbert Kujawa, Bujendorfer Landstr.",c/o Herbert Kujawa,Bujendorfer,Landstr.,Lübeck,HRB,Schleswig-Holstein,884,Lübeck HRB 884 HL,Lübeck,,HL,false,true,true,true,false,true,true,,,,Herbert Kujawa,person,Liquidator,2015-04-02,,Kujawa,Herbert,Süsel,,,,,,,,,,,,,,,,,,,
H & F Rauchegger GmbH,1609935,2018-06-19T15:13:04Z,D2910V_HRB885,de/D2910V_HRB885,removed,de,Bahnhofstr.,Bahnhofstr.,,,Traunstein,HRB,Bavaria,885,Traunstein HRB 885,Freilassing,,,false,true,true,true,false,true,true,,,Rauchegger Gesellschaft mit beschränkter Haftung,Heinz : Rauchegger,person,Liquidator,2014-12-29,,: Rauchegger,Heinz,Freilassing,,,,,,,,,,,,,,,,,,,
Grundstücksverwaltungsgesellschaft Werftstraße mbH,1610249,2018-06-19T15:14:29Z,X1721R_HRB886EU,de/X1721R_HRB886EU,removed,de,"c/o Frau Renate Bakker, Holebyweg 28, 23714 Bad Malente Vertretungsregelung: Die Gesellschaft hat einen oder mehrere Liquidatoren.",c/o Frau Renate Bakker,Holebyweg,"28, 23714 Bad Malente Vertretungsregelung: Die Gesellschaft hat einen oder mehrere Liquidatoren.",Lübeck,HRB,Schleswig-Holstein,886,Lübeck HRB 886 EU,Malente,,EU,false,true,true,true,false,true,true,,,,Renate geborene Niemann Bakker,person,Liquidator,2010-11-11,,Bakker,Renate geborene Niemann,Bad Malente,,,,,,,,,,,,,,,,,,,
Heinrich Beitelhoff GmbH & Co. Kommanditgesellschaft,1610259,2018-06-19T15:14:29Z,R2713_HRA886,de/R2713_HRA886,currently registered,de,Mecklenburger Str.,Mecklenburger Str.,,,Münster,HRA,North Rhine-Westphalia,886,Münster HRA 886,Münster,,,true,true,true,true,true,true,true,,,Heinrich Beitelhoff,,,,,,,,,,,,,,,,,,,,,,,,,,,
Modehaus Ströber e.Kfm.,1610967,2018-06-19T15:17:16Z,D2910V_HRA888,de/D2910V_HRA888,currently registered,de,Martin-Ofner-Str.,Martin-Ofner-Str.,,,Traunstein,HRA,Bavaria,888,Traunstein HRA 888,Burgkirchen/Alz,,,true,true,true,true,true,true,true,,,Georg Ströber Kaufhaus,,,,,,,,,,,,,,,,,,,,,,,,,,,
Ronny Adelsberger Beteiligungsgesellschaft mit beschränkter Haftung,1611002,2018-06-19T15:17:16Z,X1721R_HRB888EU,de/X1721R_HRB888EU,currently registered,de,Lindenstr.,Lindenstr.,,,Lübeck,HRB,Schleswig-Holstein,888,Lübeck HRB 888 EU,Ahrensbök,,EU,true,true,true,true,true,true,true,,,,,,,,,,,,,,,,,,,,,,,,,,,,,,
Hans Thümlein GmbH,1611501,2018-06-19T15:21:37Z,D4401V_HRB890,de/D4401V_HRB890,currently registered,de,Kronacher Str.,Kronacher Str.,,,Coburg,HRB,Bavaria,890,Coburg HRB 890,Weißenbrunn,,,true,true,true,true,true,true,true,,,,Simon Thümlein,person,Geschäftsführer,2015-10-26,,Thümlein,Simon,Weißenbrunn,,sole representation,,,,,,,,,,,,,,,,,
Hinterberger Verwaltungs-GmbH,1611517,2018-06-19T15:21:37Z,D2910V_HRB890,de/D2910V_HRB890,currently registered,de,Daimlerstr.,Daimlerstr.,,,Traunstein,HRB,Bavaria,890,Traunstein HRB 890,Altötting,,,true,true,true,true,true,true,true,,,Hans Hinterberger Verwaltungs- gesellschaft mbH (Altötting),Herbert Hinterberger,person,Geschäftsführer,,2011-08-23,Hinterberger,Herbert,Altötting,true,,,,,,,,,,,,,,,,,,
Goldschmiede Karl Spörl GmbH,1611801,2018-06-19T15:22:51Z,D4501V_HRB891,de/D4501V_HRB891,removed,de,Schillerstr.,Schillerstr.,,,Hof,HRB,Bavaria,891,Hof HRB 891,Hof (Saale),,,false,true,true,true,false,true,true,,,,Karl : Spörl,person,Liquidator,2009-12-23,,: Spörl,Karl,Hof,,sole representation,,,,,,,,,,,,,,,,,
Zieprich & Partner GmbH Sanitär- und Heizungsbau,1612320,2018-06-19T15:24:03Z,W1215_HRB892,de/W1215_HRB892,removed,de,Otto-Nuschke-Str.,Otto-Nuschke-Str.,,,Stendal,HRB,Saxony-Anhalt,892,Stendal HRB 892,Seehausen,,,false,true,true,true,false,true,true,,,,Helmut : Zieprich,person,Liquidator,2009-02-09,,: Zieprich,Helmut,Seehausen,,sole representation,,,,,,,,,,,,,,,,,
Kräuter Baumaschinen und Transport GmbH,1612496,2018-06-19T15:25:20Z,M1710_HRB893,de/M1710_HRB893,currently registered,de,Riemannstr.,Riemannstr.,,,Wetzlar,HRB,Hesse,893,Wetzlar HRB 893,Solms-Niederbiel,,,true,true,true,true,true,true,true,,,Krauter u. Pfeil GmbH,Christel Pfeil,person,Geschäftsführer,,2011-02-07,Pfeil,Christel,Wetzlar-Steindorf,true,,,Kauffrau,,,,,,,,,,,,,,,
Bauelemente Windmöller Gesellschaft mit beschränkter Haftung,1613266,2018-06-19T15:29:06Z,R2108_HRB896,de/R2108_HRB896,removed,de,Industriestr.,Industriestr.,,,Bad Oeynhausen,HRB,North Rhine-Westphalia,896,Bad Oeynhausen HRB 896,Bad Oeynhausen,,,false,true,true,true,false,true,true,,,,Ingrid Windmöller,person,Liquidator,2009-07-31,,Windmöller,Ingrid,Bad Oeynhausen,,,,,,,,,,,,,,,,,,,
H. Geiger GmbH,1613374,2018-06-19T15:29:06Z,D5701V_HRB896,de/D5701V_HRB896,currently registered,de,"Am Schotterwerk 1, Pfraundorf, 85125 Kinding.",Am Schotterwerk 1,"Pfraundorf,",85125 Kinding.,Ingolstadt,HRB,Bavaria,896,Ingolstadt HRB 896,Kinding,,,true,true,true,true,true,true,true,,,,Rainer Hohenwarter,person,Geschäftsführer,2014-04-22,,Hohenwarter,Rainer,Lenting,,sole representation,,,,,,,,,,,,,,,,,
HVA Holsatia Vermögens- und Anlageberatungs-G.m.b.H.,1613399,2018-06-19T15:29:06Z,X1721R_HRB896BS,de/X1721R_HRB896BS,removed,de,Morierstr.,Morierstr.,,,Lübeck,HRB,Schleswig-Holstein,896,Lübeck HRB 896 BS,Stockelsdorf,,BS,false,true,true,true,false,true,true,,,,,,,,,,,,,,,,,,,,,,,,,,,,,,
Ulrich Thiele GmbH,1613828,2018-06-19T15:30:18Z,R2307_HRB897,de/R2307_HRB897,currently registered,de,Fettpottstr.,Fettpottstr.,,,Lemgo,HRB,North Rhine-Westphalia,897,Lemgo HRB 897,Leopoldshöhe,,,true,true,true,true,true,true,true,,,,,,,,,,,,,,,,,,,,,,,,,,,,,,
Creditreform Dresden Aumüller KG,1614243,2018-06-19T15:32:49Z,U1104_HRA899,de/U1104_HRA899,currently registered,de,Augsburger Str.,Augsburger Str.,,,Dresden,HRA,Saxony,899,Dresden HRA 899,Dresden,,,true,true,true,true,true,true,true,,,,Katrin Niepel,person,Prokurist,,2005-03-22,Niepel,Katrin,Dresden,true,,,,,,,,,,,,,,,,,,
MB Automatenbetriebsgesellschaft mbH,1614687,2018-06-19T15:34:02Z,X1721R_HRB900SB,de/X1721R_HRB900SB,currently registered,de,Dorfstr.,Dorfstr.,,,Lübeck,HRB,Schleswig-Holstein,900,Lübeck HRB 900 SB,Grabau,,SB,true,true,true,true,true,true,true,,,,,,,,,,,,,,,,,,,,,,,,,,,,,,
Bartelsen und Villbrandt Bauunternehmen GmbH & Co. KG,1615782,2018-06-19T15:38:58Z,X1112R_HRA904KA,de/X1112R_HRA904KA,currently registered,de,Arnisser Str.,Arnisser Str.,,,Flensburg,HRA,Schleswig-Holstein,904,Flensburg HRA 904 KA,Kappeln,,KA,true,true,true,true,true,true,true,,,,,,,,,,,,,,,,,,,,,,,,,,,,,,
Fritz Hausl GmbH,1616474,2018-06-19T15:41:24Z,R2604_HRB906,de/R2604_HRB906,currently registered,de,Hagener Str.,Hagener Str.,,,Iserlohn,HRB,North Rhine-Westphalia,906,Iserlohn HRB 906,Iserlohn-Letmathe,,,true,true,true,true,true,true,true,,,,Maria Hausl,person,Geschäftsführer,,2009-02-25,Hausl,Maria,Iserlohn,true,,,,,,,,,,,,,,,,,,
Internationale Werkzeug-Gesellschaft Berlin mit beschränkter Haftung,1616519,2018-06-19T15:41:24Z,F1103R_HRB906,de/F1103R_HRB906,removed,de,Börsenstr.,Börsenstr.,,,Berlin (Charlottenburg),HRB,Berlin,906,Berlin (Charlottenburg) HRB 906,Berlin,,,false,true,true,true,false,true,true,,,,Jesús Maria Echávarri Pablo,person,Liquidator,2009-12-03,,Echávarri Pablo,Jesús Maria,Elizondo-Baztán/Spanien,,,,,,,,,,,,,,,,,,,
Onoldia Hausverwaltungs-GmbH,1616573,2018-06-19T15:41:24Z,D3201V_HRB906,de/D3201V_HRB906,currently registered,de,Sonnenstr.,Sonnenstr.,,,Ansbach,HRB,Bavaria,906,Ansbach HRB 906,Dinkelsbühl,,,true,true,true,true,true,true,true,,,Onoldia Vermietungs- und Verwaltungs-GmbH,Manfred Däschlein,person,Prokurist,,2010-01-18,Däschlein,Manfred,Dinkelsbühl,true,,,,,,,,,,,,,,,,,,
Callens GmbH,1617642,2018-06-19T15:46:17Z,D4401V_HRB910,de/D4401V_HRB910,currently registered,de,Hauptstr.,Hauptstr.,,,Coburg,HRB,Bavaria,910,Coburg HRB 910,Burgkunstadt,,,true,true,true,true,true,true,true,,,,,,,,,,,,,,,,,,,,,,,,,,,,,,
Carlsberg & Richter - journalistische Partnerschaft und Kommunikationsberatung,1618258,2018-06-19T15:48:43Z,D2601V_PR912,de/D2601V_PR912,removed,de,Hans-Sachs-Str.,Hans-Sachs-Str.,,,München,PR,Bavaria,912,München PR 912,München,,,false,true,true,false,false,true,true,,,,,,,,,,,,,,,,,,,,,,,,,,,,,,
Verwertungszentrum Flötz GmbH & Co. KG,1618488,2018-06-19T15:48:43Z,W1215_HRA912,de/W1215_HRA912,currently registered,de,Güterglücker Str.,Güterglücker Str.,,,Stendal,HRA,Saxony-Anhalt,912,Stendal HRA 912,Gödnitz OT Flötz,,,true,true,true,false,true,true,true,,,,"Verwertungszentrum Flötz Verwaltungsgesellschaft mbH, Gödnitz OT Flötz (Amtsgericht Stendal HRB 4560).",company,Liquidator,2013-06-12,,,,,,,,,,,,,,,,,,,,,,,
"""die cassette"" Medien GmbH",1620043,2018-06-19T15:56:06Z,P2408_HRB918,de/P2408_HRB918,currently registered,de,Lilly-Reich-Str.,Lilly-Reich-Str.,,,Hildesheim,HRB,Lower Saxony,918,Hildesheim HRB 918,Hildesheim,,,true,true,true,true,false,true,true,,,"""Die Cassette"" Videothek GmbH",,,,,,,,,,,,,,,,,,,,,,,,,,,
Fürpeil GmbH,1620159,2018-06-19T15:56:06Z,R3101_HRB918,de/R3101_HRB918,currently registered,de,Hauptstr.,Hauptstr.,,,Aachen,HRB,North Rhine-Westphalia,918,Aachen HRB 918,Stadt Herzogenrath/Stadtteil Merkstein,,,true,true,true,true,true,true,true,,,Gebrüder Fürpeil Gesellschaft mit beschränkter Haftung,Hans-Jürgen Fürpeil,person,Geschäftsführer,,2009-07-30,Fürpeil,Hans-Jürgen,Herzogenrath-Merkstein,true,,,Installateurmeister,,,,,,,,,,,,,,,
Claus Bender Verwaltungs GmbH,1620703,2018-06-19T15:58:31Z,M1710_HRB920,de/M1710_HRB920,currently registered,de,Industriestr.,Industriestr.,,,Wetzlar,HRB,Hesse,920,Wetzlar HRB 920,Aßlar,,,true,true,true,true,true,true,true,,,,Jörn Bender,person,Geschäftsführer,,2014-05-08,Bender,Jörn,Wetzlar,true,,,,,,,,,,,,,,,,,,
Gerd Pulsack GmbH & Co. KG,1620774,2018-06-19T15:58:31Z,W1215_HRA920,de/W1215_HRA920,currently registered,de,Rudolf-Breitscheid-Str.,Rudolf-Breitscheid-Str.,,,Stendal,HRA,Saxony-Anhalt,920,Stendal HRA 920,Gardelegen,,,true,true,true,false,true,true,true,,,,,,,,,,,,,,,,,,,,,,,,,,,,,,
Orditax Steuerberatungsgesellschaft mbH,1621162,2018-06-19T15:59:44Z,M1305_HRB921,de/M1305_HRB921,currently registered,de,Hünfelder Str.,Hünfelder Str.,,,Bad Hersfeld,HRB,Hesse,921,Bad Hersfeld HRB 921,Bad Hersfeld,,,true,true,true,true,true,true,true,,,,Frank Prof. Doctor Niemeyer,person,Geschäftsführer,,2013-05-28,Prof. Doctor Niemeyer,Frank,Bad Hersfeld,true,,,,,,,,,,,,,,,,,,
Autohaus Stefan Fricke GmbH,1621284,2018-06-19T16:00:56Z,R2809_HRB922,de/R2809_HRB922,removed,de,Paderborner Str.,Paderborner Str.,,,Paderborn,HRB,North Rhine-Westphalia,922,Paderborn HRB 922,Salzkotten,,,false,true,true,true,false,true,true,,,,,,,,,,,,,,,,,,,,,,,,,,,,,,
Arthur Maeder GmbH & Co. KG,1621891,2018-06-19T16:03:40Z,P2408_HRA924,de/P2408_HRA924,removed,de,Osterstr.,Osterstr.,,,Hildesheim,HRA,Lower Saxony,924,Hildesheim HRA 924,Hildesheim,,,false,true,true,true,false,true,true,,,Arthur Maeder,,,,,,,,,,,,,,,,,,,,,,,,,,,
Erich Günther,1622844,2018-06-19T16:07:19Z,R1101_HRA927,de/R1101_HRA927,currently registered,de,Cuxhavener Str.,Cuxhavener Str.,,,Düsseldorf,HRA,North Rhine-Westphalia,927,Düsseldorf HRA 927,Düsseldorf,,,true,true,true,true,true,true,true,,,,,,,,,,,,,,,,,,,,,,,,,,,,,,
Kneidl Engineering GmbH,1623541,2018-06-19T16:09:47Z,X1517R_HRB929EC,de/X1517R_HRB929EC,currently registered,de,Eichendorffstr.,Eichendorffstr.,,,Kiel,HRB,Schleswig-Holstein,929,Kiel HRB 929 EC,Strande,,EC,true,true,true,true,true,true,true,,,,,,,,,,,,,,,,,,,,,,,,,,,,,,
Süder Hausverwaltungs GmbH Wohnmobile & Co. KG,1624252,2018-06-19T16:12:11Z,X1112R_HRA931KA,de/X1112R_HRA931KA,removed,de,Große Str.,Große Str.,,,Flensburg,HRA,Schleswig-Holstein,931,Flensburg HRA 931 KA,Süderbrarup,,KA,false,true,true,true,false,true,true,,,,Michael Schulze,person,Liquidator,2011-12-22,,Schulze,Michael,Brodersby,,,2,,,,,,,,,,,,,,,,
Beitz e.K.,1624618,2018-06-19T16:14:36Z,X1112R_HRA933NI,de/X1112R_HRA933NI,currently registered,de,Friedrichstr.,Friedrichstr.,,,Flensburg,HRA,Schleswig-Holstein,933,Flensburg HRA 933 NI,Westerland/Sylt,,NI,true,true,true,true,true,true,true,,,,,,,,,,,,,,,,,,,,,,,,,,,,,,
"Schwarzmarkt Ralf Rörig Textileinzelhandel eK, Inh. Rosario Perdigones Martin",1624828,2018-06-19T16:14:36Z,M1706_HRA933,de/M1706_HRA933,currently registered,de,Bahnhofstr.,Bahnhofstr.,,,Limburg,HRA,Hesse,933,Limburg HRA 933,Limburg a. d. Lahn,,,true,true,true,true,true,true,true,,,Schwarzmarkt Ralf Rörig Textileinzelhandel,Ralf Rörig,person,Inhaber,,2014-08-19,Rörig,Ralf,Limburg a. d. Lahn,true,,,Kaufmann,,,,,,,,,,,,,,,
BBi Brunnen- und Bohrlochinspektion GmbH,1624925,2018-06-19T16:15:48Z,W1215_HRB934,de/W1215_HRB934,currently registered,de,Salzstr.,Salzstr.,,,Stendal,HRB,Saxony-Anhalt,934,Stendal HRB 934,Gommern,,,true,true,true,true,true,true,true,,,Gesellschaft für Brunnen und Bohrloch Inspektion mit beschränkter Haftung,Michael Maurer,person,Geschäftsführer,2010-12-01,,Maurer,Michael,Biederitz,,,,,,,,,,,,,,,,,,,
"Völkl Schulte-Spechtel Rechtsanwälte, Fachanwälte Partnerschaft mit beschränkter Berufshaftung",1625181,2018-06-19T16:15:48Z,D2601V_PR934,de/D2601V_PR934,currently registered,de,Antonienstr.,Antonienstr.,,,München,PR,Bavaria,934,München PR 934,München,,,true,true,true,false,true,true,true,,,Völkl Schulte-Spechtel Partnerschaft Rechtsanwälte,,,,,,,,,,,,,,,,,,,,,,,,,,,
Südkran Wackersdorf GmbH,1625447,2018-06-19T16:17:02Z,D3101V_HRB935,de/D3101V_HRB935,removed,de,Knappenstr.,Knappenstr.,,,Amberg,HRB,Bavaria,935,Amberg HRB 935,Wackersdorf,,,false,true,true,true,false,true,true,,,,Dieter Krösche,person,Liquidator,2013-06-10,,Krösche,Dieter,Holzminden,,sole representation,,,,,,,,,,,,,,,,,
Kommanditgesellschaft ACZ Agro-Service GmbH Parkentin & Co.,1625690,2018-06-19T16:18:15Z,N1206V_HRA936,de/N1206V_HRA936,currently registered,de,Bartenshäger Str.,Bartenshäger Str.,,,Rostock,HRA,Mecklenburg-Western Pomerania,936,Rostock HRA 936,Parkentin,,,true,true,true,true,true,true,true,,,,,,,,,,,,,,,,,,,,,,,,,,,,,,
PM Computer Services GmbH & Co. KG,1626327,2018-06-19T16:20:41Z,M1706_HRA938,de/M1706_HRA938,currently registered,de,Carl-Zeiss-Str.,Carl-Zeiss-Str.,,,Limburg,HRA,Hesse,938,Limburg HRA 938,Bad Camberg,,,true,true,true,true,true,true,true,,,PM Computer Services GmbH &Co.,,,,,,,,,,,,,,,,,,,,,,,,,,,
Mund GmbH,1627202,2018-06-19T16:24:20Z,D4301V_HRB941,de/D4301V_HRB941,removed,de,Casselmannstr.,Casselmannstr.,,,Bayreuth,HRB,Bavaria,941,Bayreuth HRB 941,Bayreuth,,,false,true,true,true,false,true,true,,,Auto-Schnell-Service Mund GmbH,Werner : Mund,person,Liquidator,2009-04-15,,: Mund,Werner,Bayreuth,,sole representation,,,,,,,,,,,,,,,,,
"Augenmedizinisches Versorgungszentrum Dachau Dr. med. Rainer Wiltfang, Facharzt für Augenheilkunde und Dr. med. Martin Bechmann, Facharzt für Augenheilkunde Partnerschaftsgesellschaft",1627334,2018-06-19T16:25:33Z,D2601V_PR942,de/D2601V_PR942,currently registered,de,Münchener Str.,Münchener Str.,,,München,PR,Bavaria,942,München PR 942,Dachau,,,true,true,true,false,true,true,true,,,"Augenmedizinisches und Anästhesiologisches Versorgungszentrum Dachau Dr. med. Rainer Wiltfang, Facharzt für Augenheilkunde Bernd Bressler Facharzt für Anästhesiologie Dr. med. Doris Papengut Fachärztin für Augenheilkunde Partnerschaftsgesellschaft",,,,,,,,,,,,,,,,,,,,,,,,,,,
Neumann Zahntechnik GmbH,1627811,2019-01-30T16:47:01Z,P2106_HRB943,de/P2106_HRB943,currently registered,de,Hauptstr.,Hauptstr.,,,Stadthagen,HRB,Lower Saxony,943,Stadthagen HRB 943,Bad Nenndorf,,,true,true,true,true,false,true,false,,,,,,,,,,,,,,,,,,,,,,,,,,,,,,
"COMNET Dresden Gesellschaft für Computer, Netzwerke, Software und CAD mbH",1627960,2018-06-19T16:27:58Z,U1104_HRB944,de/U1104_HRB944,currently registered,de,Dresdner Str.,Dresdner Str.,,,Dresden,HRB,Saxony,944,Dresden HRB 944,Freital,,,true,true,true,true,true,true,true,,,,,,,,,,,,,,,,,,,,,,,,,,,,,,
Roland Betz GmbH,1628144,2018-06-19T16:27:58Z,D3101V_HRB944,de/D3101V_HRB944,removed,de,Doctor-Aigner-Str.,Doctor-Aigner-Str.,,,Amberg,HRB,Bavaria,944,Amberg HRB 944,Amberg,,,false,true,true,true,false,true,true,,,,,,,,,,,,,,,,,,,,,,,,,,,,,,
"Eimiller, Ikonomidis, Machens & Partner COHED-Ärzte-Partnerschaft",1629195,2018-06-19T16:32:50Z,D2601V_PR948,de/D2601V_PR948,currently registered,de,Leukstr.,Leukstr.,,,München,PR,Bavaria,948,München PR 948,München,,,true,true,true,false,true,true,true,,,,,,,,,,,,,,,,,,,,,,,,,,,,,,
Paschetag & Bulian Verwaltungsgesellschaft mit beschränkter Haftung,1629326,2018-06-19T16:32:50Z,R2108_HRB948,de/R2108_HRB948,currently registered,de,Brettorststr.,Brettorststr.,,,Bad Oeynhausen,HRB,North Rhine-Westphalia,948,Bad Oeynhausen HRB 948,Vlotho,,,true,true,true,true,true,true,true,,,"Paschetag & Heitholt Verwal tungsgesellschaf t mit ""beschränkter Haftung",Markus Bulian,person,Geschäftsführer,2010-12-17,,Bulian,Markus,Vlotho,,,,,,,,,,,,,,,,,,,
Smola Verwaltungsgesellschaft mit beschränkter Haftung,1629363,2018-06-19T16:32:50Z,D2910V_HRB948,de/D2910V_HRB948,currently registered,de,Siebenbürger Str.,Siebenbürger Str.,,,Traunstein,HRB,Bavaria,948,Traunstein HRB 948,Freilassing,,,true,true,true,true,true,true,true,,,,Sebastian Kößler,person,Prokurist,2013-12-02,,Kößler,Sebastian,Freilassing,,,,,,,,,,,,,,,,,,,
CF Sonderteile GmbH,1629769,2018-06-19T16:35:16Z,X1721R_HRB950SB,de/X1721R_HRB950SB,currently registered,de,Frankfurter Str.,Frankfurter Str.,,,Lübeck,HRB,Schleswig-Holstein,950,Lübeck HRB 950 SB,Schwarzenbek,,SB,true,true,true,true,true,true,true,,,,,,,,,,,,,,,,,,,,,,,,,,,,,,
Autohaus Rupprecht GmbH,1631520,2018-06-19T16:42:35Z,D3101V_HRB956,de/D3101V_HRB956,currently registered,de,Nürnberger Str.,Nürnberger Str.,,,Amberg,HRB,Bavaria,956,Amberg HRB 956,Wernberg-Köblitz,,,true,true,true,true,true,true,true,,,,Marion Rupprecht,person,Prokurist,2014-01-31,,Rupprecht,Marion,Wernberg-Köblitz,,,,,,,,,,,,,,,,,,,
Goldschmiede Arnhold Kommanditgesellschaft,1631910,2018-06-19T16:43:48Z,R2204_HRA957,de/R2204_HRA957,removed,de,"c/o Erika Arnhold, Ecksteinshof 1, 45721 Haltern am See.",c/o Erika Arnhold,Ecksteinshof,"1, 45721 Haltern am See.",Recklinghausen,HRA,North Rhine-Westphalia,957,Recklinghausen HRA 957,Recklinghausen,,,false,true,true,true,false,true,true,,,,,,,,,,,,,,,,,,,,,,,,,,,,,,
HES Heimwerkermarkt Verwaltungs GmbH,1631923,2018-06-19T16:43:48Z,D3101V_HRB957,de/D3101V_HRB957,removed,de,Leopoldstr.,Leopoldstr.,,,Amberg,HRB,Bavaria,957,Amberg HRB 957,Schwandorf,,,false,true,true,true,false,true,true,,,,Eckart Brandhoff,person,Liquidator,2015-09-03,,Brandhoff,Eckart,München,,,,Diplom-Ingenieur,,,,,,,,,,,,,,,
Kartoffelkontor Böhm GmbH,1632872,2018-06-19T16:47:26Z,P2507_HRB960,de/P2507_HRB960,currently registered,de,Wulf-Werum-Str.,Wulf-Werum-Str.,,,Lüneburg,HRB,Lower Saxony,960,Lüneburg HRB 960,Lüneburg,,,true,true,true,true,false,true,true,,,Kartoffel-Spezialvertrieb Gesellschaft mit beschränkter Haftung,Jörn Heydel,person,Prokurist,,2010-01-18,Heydel,Jörn,Neubrandenburg,true,,,Diplomingenieur,,,,,,,,,,,,,,,
Georg Hartl GmbH,1633700,2018-06-19T16:51:04Z,D2910V_HRB963,de/D2910V_HRB963,currently registered,de,Beilhackstr.,Beilhackstr.,,,Traunstein,HRB,Bavaria,963,Traunstein HRB 963,Prien am Chiemsee,,,true,true,true,true,true,true,true,,,,Michael Hartl,person,Geschäftsführer,2011-03-11,,Hartl,Michael,Bernau a. Chiemsee,,sole representation,,,,,,,,,,,,,,,,,
Objektinvestitionsgesellschaft Mengendamm GmbH,1633785,2018-06-19T16:51:04Z,P2305_HRB963,de/P2305_HRB963,currently registered,de,Hohenzollernstr.,Hohenzollernstr.,,,Hannover,HRB,Lower Saxony,963,Hannover HRB 963,Hannover,,,true,true,true,true,false,true,true,,,G & S Blumenvertriebs-Gesellschaft mbH,Martina Siedler,person,Geschäftsführer,2017-01-03,,Siedler,Martina,Wedemark,,mit der Befugnis im Namen der Gesellschaft mit sich im eigenen Namen oder als Vertreter eines Dritten Rechtsgeschäfte abzuschließen,,,,,,,,,,,,,,,,,
Hempe GmbH,1634026,2018-06-19T16:52:17Z,X1517R_HRB964EC,de/X1517R_HRB964EC,removed,de,"c/o Doctor Stefan Schuldt-Hempe, Osterberg 16, 24113 Molfsee Vertretungsregelung: Ist ein Liquidator bestellt, so vertritt er die Gesellschaft allein.",c/o Doctor Stefan Schuldt-Hempe,Osterberg,"16, 24113 Molfsee Vertretungsregelung: Ist ein Liquidator bestellt, so vertritt er die Gesellschaft allein.",Kiel,HRB,Schleswig-Holstein,964,Kiel HRB 964 EC,Damp,,EC,false,true,true,true,false,true,true,,,,Stefan Johannes Doctor Schuldt-Hempe,person,Liquidator,2009-10-22,,Doctor Schuldt-Hempe,Stefan Johannes,Molfsee Rechtsverhaeltnis: Durch Beschluss der Gesellschafterversammlung vom 06.10.2009 ist die Gesellschaft aufgelöst,,,,,,,,,,,,,,,,,,,
Trave Agrar KG,1634146,2018-06-19T16:52:17Z,X1517R_HRA964SE,de/X1517R_HRA964SE,currently registered,de,Dorfstr.,Dorfstr.,,,Kiel,HRA,Schleswig-Holstein,964,Kiel HRA 964 SE,Dreggers,,SE,true,true,true,true,true,true,true,,,"Bruhn, David, Gadow OHG",,,,,,,,,,,,,,,,,,,,,,,,,,,
Christian Blasche Ablaufreinigung,1634230,2018-06-19T16:53:30Z,U1104_HRA965,de/U1104_HRA965,currently registered,de,Hermann-Michel-Str.,Hermann-Michel-Str.,,,Dresden,HRA,Saxony,965,Dresden HRA 965,Dresden,,,true,true,true,true,true,true,true,,,,Christian Blasche,person,Inhaber,2013-08-15,,Blasche,Christian,Dresden,,,,,,,,,,,,,,,,,,,
Alexander Richter Gerüstvermietung Kommanditgesellschaft,1634769,2018-06-19T16:55:56Z,U1104_HRA967,de/U1104_HRA967,currently registered,de,Dohnaer Str.,Dohnaer Str.,,,Dresden,HRA,Saxony,967,Dresden HRA 967,Dresden,,,true,true,true,true,true,true,true,,,,,,,,,,,,,,,,,,,,,,,,,,,,,,
Günter R i c h a u  Versicherungen - Finanzierungen,1634878,2018-06-19T16:55:56Z,D3101V_HRA967,de/D3101V_HRA967,removed,de,Doctor Sauerbruch-Str.,Doctor Sauerbruch-Str.,,,Amberg,HRA,Bavaria,967,Amberg HRA 967,Burglengenfeld,,,false,true,true,true,false,true,true,,,,,,,,,,,,,,,,,,,,,,,,,,,,,,
HEK Hanse Export-Kisten GmbH,1634890,2018-06-19T16:55:56Z,X1721R_HRB967SB,de/X1721R_HRB967SB,currently registered,de,Dorfstr.,Dorfstr.,,,Lübeck,HRB,Schleswig-Holstein,967,Lübeck HRB 967 SB,Brunstorf,,SB,true,true,true,true,true,true,true,,,,,,,,,,,,,,,,,,,,,,,,,,,,,,
Thomas Tschunky GmbH,1635020,2018-06-19T16:55:56Z,V1109_HRB967,de/V1109_HRB967,removed,de,Sulzbachtalstr.,Sulzbachtalstr.,,,Saarbrücken,HRB,Saarland,967,Saarbrücken HRB 967,Sulzbach,,,false,true,true,true,false,true,true,,,,Thomas Tschunky,person,Liquidator,2015-01-14,,Tschunky,Thomas,Saarbrücken,,einzelvertretungsberechtigt mit der Befugnis im Namen der Gesellschaft mit sich im eigenen Namen oder als Vertreter eines Dritten Rechtsgeschäfte abzuschließen,,,,,,,,,,,,,,,,,
Autohaus Zeiler GmbH,1635381,2018-06-19T16:58:24Z,G1309_HRB969,de/G1309_HRB969,removed,de,Fontanestr.,Fontanestr.,,,Neuruppin,HRB,Brandenburg,969,Neuruppin HRB 969,Lychen,,,false,true,false,true,false,true,true,,,,,,,,,,,,,,,,,,,,,,,,,,,,,,
Akustik-Bau Becker GmbH,1635650,2018-06-19T16:59:39Z,P3313_HRB970,de/P3313_HRB970,currently registered,de,Lienener Str.,Lienener Str.,,,Osnabrück,HRB,Lower Saxony,970,Osnabrück HRB 970,Bad Iburg,,,true,true,true,true,false,true,true,,,Wolfgang Becker-Akustik-Innenausbau GmbH,Wolfgang Becker,person,Geschäftsführer,,2014-01-07,Becker,Wolfgang,Osnabrück,true,,,Stukkateur,,,,,,,,,,,,,,,
PB Verwaltungs GmbH,1635842,2018-06-19T16:59:39Z,M1305_HRB970,de/M1305_HRB970,currently registered,de,Meisebacher Str.,Meisebacher Str.,,,Bad Hersfeld,HRB,Hesse,970,Bad Hersfeld HRB 970,Bad Hersfeld,,,true,true,true,true,true,true,true,,,,,,,,,,,,,,,,,,,,,,,,,,,,,,
Martini-Immobiliengesellschaft mit beschränkter Haftung und Co. Kommanditgesellschaft,1636106,2018-06-19T17:00:51Z,R2809_HRA971,de/R2809_HRA971,currently registered,de,Imadstr.,Imadstr.,,,Paderborn,HRA,North Rhine-Westphalia,971,Paderborn HRA 971,Paderborn,,,true,true,true,true,true,true,true,,,,,,,,,,,,,,,,,,,,,,,,,,,,,,
Gebrüder Ehrlicher GmbH,1636328,2018-06-19T17:02:03Z,D4401V_HRB972,de/D4401V_HRB972,currently registered,de,Sonneberger Str.,Sonneberger Str.,,,Coburg,HRB,Bavaria,972,Coburg HRB 972,Neustadt b. Coburg,,,true,true,true,true,true,true,true,,,,Michael Ehrlicher,person,Geschäftsführer,2011-04-21,,Ehrlicher,Michael,Neustadt b. Coburg,,,,,,,,,,,,,,,,,,,
Haaga Folien GmbH,1636345,2018-06-19T17:02:03Z,X1721R_HRB972OL,de/X1721R_HRB972OL,currently registered,de,Lübsche Str.,Lübsche Str.,,,Lübeck,HRB,Schleswig-Holstein,972,Lübeck HRB 972 OL,Heringsdorf,,OL,true,true,true,true,true,true,true,,,,Moritz Haaga,person,Geschäftsführer,2012-01-11,,Haaga,Moritz,Heringsdorf,,,2,,,,,,,,,,,,,,,,
Haanpää-Yhtymä GmbH,1636346,2018-06-19T17:02:03Z,X1721R_HRB972BS,de/X1721R_HRB972BS,removed,de,Breslauer Str.,Breslauer Str.,,,Lübeck,HRB,Schleswig-Holstein,972,Lübeck HRB 972 BS,Ratekau,,BS,false,true,true,true,false,true,true,,,,,,,,,,,,,,,,,,,,,,,,,,,,,,
Blattin Mineralfutterwerk Seitschen GmbH & Co KG,1636566,2018-06-19T17:03:19Z,U1104_HRA973,de/U1104_HRA973,currently registered,de,Hauptstr.,Hauptstr.,,,Dresden,HRA,Saxony,973,Dresden HRA 973,Göda,,,true,true,true,true,true,true,true,,,,,,,,,,,,,,,,,,,,,,,,,,,,,,
Flach Licht GmbH & Co. KG,1636615,2018-06-19T17:03:19Z,W1215_HRA973,de/W1215_HRA973,removed,de,Neue Str.,Neue Str.,,,Stendal,HRA,Saxony-Anhalt,973,Stendal HRA 973,Kemberg,,,false,true,true,false,false,true,true,,,,"Flach Licht Verwaltungs GmbH, Kemberg (Stendal HRB 4705).",company,Persönlich haftender Gesellschafter,,2010-01-05,,,,true,,,,,,,,,,,,,,,,,,
Fuchs Druck GmbH,1636623,2018-06-19T17:03:19Z,D2910V_HRB973,de/D2910V_HRB973,currently registered,de,Watzmannstr.,Watzmannstr.,,,Traunstein,HRB,Bavaria,973,Traunstein HRB 973,Laufen,,,true,true,true,true,true,true,true,,,Fuchs Repro Gesellschaft mit beschränkter Haftung,,,,,,,,,,,,,,,,,,,,,,,,,,,
Ludat Baugesellschaft mit beschränkter Haftung,1637008,2018-06-19T17:04:31Z,X1721R_HRB974HL,de/X1721R_HRB974HL,removed,de,Bäderstr.,Bäderstr.,,,Lübeck,HRB,Schleswig-Holstein,974,Lübeck HRB 974 HL,Lübeck,,HL,false,false,false,true,false,false,true,,,,,,,,,,,,,,,,,,,,,,,,,,,,,,
FAL Anlagen - Leasing GmbH,1637199,2018-06-19T17:05:45Z,D4501V_HRB975,de/D4501V_HRB975,removed,de,Roonstr.,Roonstr.,,,Hof,HRB,Bavaria,975,Hof HRB 975,Berlin,,,false,true,false,true,false,true,true,,,,,,,,,,,,,,,,,,,,,,,,,,,,,,
REWA Reinigungs-und Waschsalons-Verwaltungsgesellschaft mit beschränkter Haftung,1637633,2018-06-19T17:06:58Z,F1103R_HRB976,de/F1103R_HRB976,removed,de,"c/o RAin Antje Henning, Paul-Robeson-Str.",c/o RAin Antje Henning,Paul-Robeson-Str.,,Berlin (Charlottenburg),HRB,Berlin,976,Berlin (Charlottenburg) HRB 976,Berlin,,,false,true,false,true,false,true,true,,,,,,,,,,,,,,,,,,,,,,,,,,,,,,
Fisch und Fertigmenue GmbH,1637788,2018-06-19T17:08:11Z,P3101_HRB977,de/P3101_HRB977,currently registered,de,Schmiedestr.,Schmiedestr.,,,Aurich,HRB,Lower Saxony,977,Aurich HRB 977,Ihlow,,,true,true,true,true,false,true,true,,,Fisch- und Fertigmenü J. Krull GmbH,,,,,,,,,,,,,,,,,,,,,,,,,,,
Helmut Sandler Verwaltungs-GmbH,1637826,2018-06-19T17:08:11Z,D4301V_HRB977,de/D4301V_HRB977,currently registered,de,Bayreuther Str.,Bayreuther Str.,,,Bayreuth,HRB,Bavaria,977,Bayreuth HRB 977,Gefrees,,,true,true,true,true,true,true,true,,,,Heinz-Jürgen Johanning,person,Geschäftsführer,,2009-01-12,Johanning,Heinz-Jürgen,München,true,,,,,,,,,,,,,,,,,,
"MuG Architekten Beate Mayerhofer und Jochen Günther, Partnerschaft",1638476,2018-06-19T17:10:37Z,D2601V_PR979,de/D2601V_PR979,currently registered,de,Netzegaustr.,Netzegaustr.,,,München,PR,Bavaria,979,München PR 979,München,,,true,true,true,false,true,true,true,,,,,,,,,,,,,,,,,,,,,,,,,,,,,,
Möbius Dienstleistungen e.K.,1638479,2018-06-19T17:10:37Z,W1215_HRA979,de/W1215_HRA979,removed,de,Brauereistr.,Brauereistr.,,,Stendal,HRA,Saxony-Anhalt,979,Stendal HRA 979,Dessau-Roßlau,,,false,true,true,false,false,true,true,,,Glas- und Gebäudereinigung Panzer e.K.,,,,,,,,,,,,,,,,,,,,,,,,,,,
Franz Bauer GmbH,1638980,2018-06-19T17:13:02Z,D3101V_HRB981,de/D3101V_HRB981,currently registered,de,Bahnhofstr.,Bahnhofstr.,,,Amberg,HRB,Bavaria,981,Amberg HRB 981,Pfreimd,,,true,true,true,true,true,true,true,,,,,,,,,,,,,,,,,,,,,,,,,,,,,,
"""Windfang e.G. FrauenEnergieGemeinschaft""",1639475,2018-06-19T17:15:27Z,K1101R_GnR983,de/K1101R_GnR983,currently registered,de,Geschäftsanschrift: Dobbenstr.,Geschäftsanschrift: Dobbenstr.,,,Hamburg,GnR,Hamburg,983,Hamburg GnR 983,Hamburg,,,true,true,true,true,true,true,true,,,,,,,,,,,,,,,,,,,,,,,,,,,,,,
smart wood Germany GmbH & Co. KG,1639713,2018-06-19T17:15:27Z,X1721R_HRA983BS,de/X1721R_HRA983BS,currently registered,de,Albert-Einstein-Str.,Albert-Einstein-Str.,,,Lübeck,HRA,Schleswig-Holstein,983,Lübeck HRA 983 BS,Stockelsdorf,,BS,true,true,true,true,true,true,true,,,Karl Otto Knauf (GmbH + Co. KG.),,,,,,,,,,,,,,,,,,,,,,,,,,,
Wiener Kalk und Poliermittel GmbH,1640052,2018-06-19T17:16:39Z,D4301V_HRB984,de/D4301V_HRB984,currently registered,de,Eckenerstr.,Eckenerstr.,,,Bayreuth,HRB,Bavaria,984,Bayreuth HRB 984,Pegnitz,,,true,true,true,true,true,true,true,,,,Wolfgang : Wiesend,person,Liquidator,2017-01-10,,: Wiesend,Wolfgang,Bayreuth,,mit der Befugnis im Namen der Gesellschaft mit sich im eigenen Namen oder als Vertreter eines Dritten Rechtsgeschäfte abzuschließen,,,,,,,,,,,,,,,,,
Brillen Plaz Limburg GmbH & Co. KG,1640964,2018-06-19T17:21:30Z,M1706_HRA988,de/M1706_HRA988,removed,de,Werner-Senger-Str.,Werner-Senger-Str.,,,Limburg,HRA,Hesse,988,Limburg HRA 988,Limburg a. d. Lahn,,,false,true,true,true,false,true,true,,,Brillen Plaz Attila Plaz e.K.,"Plaz GmbH, Beselich (Amtsgericht Limburg a.d. Lahn HRB 987).",company,Persönlich haftender Gesellschafter,,2009-10-20,,,,true,,,,,,,,,,,,,,,,,,
Rademaker Fensterbau Gesellschaft mit beschränkter Haftung,1641431,2018-06-19T17:22:42Z,P3210_HRB989,de/P3210_HRB989,currently registered,de,Rheinstr.,Rheinstr.,,,Oldenburg (Oldenburg),HRB,Lower Saxony,989,Oldenburg (Oldenburg) HRB 989,Wardenburg,,,true,true,true,true,false,true,true,,,,Edgar Kayka,person,Geschäftsführer,2018-04-20,,Kayka,Edgar,Wardenburg,,sole representation,,,,,,,,,,,,,,,,,
Nordland-Kartenverlag GmbH,1641729,2018-06-19T17:23:54Z,N1308V_HRB990,de/N1308V_HRB990,currently registered,de,Dr-Leber-Str.,Dr-Leber-Str.,,,Schwerin,HRB,Mecklenburg-Western Pomerania,990,Schwerin HRB 990,Wismar,,,true,true,true,true,true,true,true,,,,,,,,,,,,,,,,,,,,,,,,,,,,,,
Mertens Vertriebs-GmbH,1642000,2018-06-19T17:25:06Z,R2713_HRB991,de/R2713_HRB991,currently registered,de,Rudolf-Diesel-Str.,Rudolf-Diesel-Str.,,,Münster,HRB,North Rhine-Westphalia,991,Münster HRB 991,Münster,,,true,true,true,true,true,true,true,,,Spitzner GmbH,Heinz-Günter Mertens,person,Liquidator,2017-12-22,,Mertens,Heinz-Günter,Münster,,,,,,,,,,,,,,,,,,,
Brauns Control GmbH,1642134,2018-06-19T17:26:18Z,P2106_HRB992,de/P2106_HRB992,currently registered,de,Westernstr.,Westernstr.,,,Stadthagen,HRB,Lower Saxony,992,Stadthagen HRB 992,Stadthagen,,,true,true,true,true,false,true,true,,,,Ingo Brauns,person,Geschäftsführer,2011-09-08,,Brauns,Ingo,Stadthagen,,sole representation,,,,,,,,,,,,,,,,,
Petigk Ingenieurgesellschaft mbH,1642310,2018-06-19T17:26:18Z,X1721R_HRB992SB,de/X1721R_HRB992SB,currently registered,de,Bundesstr.,Bundesstr.,,,Lübeck,HRB,Schleswig-Holstein,992,Lübeck HRB 992 SB,Brunstorf,,SB,true,true,true,true,true,true,true,,,,Otto Petigk,person,Geschäftsführer,,2014-04-03,Petigk,Otto,,true,,2,,,,,,,,,,,,,,,,
"""Hans Fahrenkrug"" Inhaber: Axel Fahrenkrug e.K.",1642687,2018-06-19T17:28:45Z,X1721R_HRA994BS,de/X1721R_HRA994BS,currently registered,de,Schwartauer Str.,Schwartauer Str.,,,Lübeck,HRA,Schleswig-Holstein,994,Lübeck HRA 994 BS,Sereetz,,BS,true,true,true,true,true,true,true,,,"""Hans Fahrenkrug"" Inhaber: Axel Fahrenkrug",Sereetz Axel Fahrenkrug e.K,person,Inhaber,2011-07-07,,Axel Fahrenkrug e.K,Sereetz,Schwartauer Str,,,,,,,,,,,,,,,,,,,
Reichinger + Schröder oHG,1642890,2018-06-19T17:28:45Z,D3508V_HRA994,de/D3508V_HRA994,removed,de,Bgm-Knorr-Str.,Bgm-Knorr-Str.,,,Weiden i. d. OPf.,HRA,Bavaria,994,Weiden i. d. OPf. HRA 994,Weiden i.d.OPf.,,,false,true,true,true,false,true,true,,,Reichinger + Schröder,Edda geborene Schröder Reichinger,person,Persönlich haftender Gesellschafter,,2011-03-11,Reichinger,Edda geborene Schröder,Weiden i.d.OPf,true,,,,,,,,,,,,,,,,,,
Schalungsvertrieb Nonner & Weiß OHG,1643777,2018-06-19T17:32:22Z,D3101V_HRA997,de/D3101V_HRA997,removed,de,Max-Planck-Str.,Max-Planck-Str.,,,Amberg,HRA,Bavaria,997,Amberg HRA 997,Amberg,,,false,true,true,true,false,true,true,,,,Herbert Weiß,person,Persönlich haftender Gesellschafter,,2013-01-17,Weiß,Herbert,Amberg,true,,,,,,,,,,,,,,,,,,
Apotheke Oberland Christiane Herrmann e.Kfm.,1644142,2018-06-19T17:34:47Z,U1104_HRA999,de/U1104_HRA999,currently registered,de,Friedrich-Ebert-Str.,Friedrich-Ebert-Str.,,,Dresden,HRA,Saxony,999,Dresden HRA 999,Ebersbach-Neugersdorf,,,true,true,true,true,true,true,true,,,Apotheke Oberland Christiane Herrmann,Christiane Herrmann,person,Inhaber,2014-11-25,,Herrmann,Christiane,Ebersbach-Neugersdorf OT Ebersbach,,,,,,,,,,,,,,,,,,,
U.S.P. Bauträger GmbH,1644688,2018-06-19T17:35:59Z,D4201V_HRB1000,de/D4201V_HRB1000,removed,de,E.T.A.-Hoffmann-Str.,E.T.A.-Hoffmann-Str.,,,Bamberg,HRB,Bavaria,1000,Bamberg HRB 1000,Bamberg,,,false,true,true,true,false,true,true,,,,Ursula : Montag,person,Liquidator,2013-07-17,,: Montag,Ursula,Bamberg,,sole representation,,,,,,,,,,,,,,,,,
Astor-Verlag GmbH,1645696,2018-06-19T17:43:12Z,X1721R_HRB1003RZ,de/X1721R_HRB1003RZ,currently registered,de,Möllner Str.,Möllner Str.,,,Lübeck,HRB,Schleswig-Holstein,1003,Lübeck HRB 1003 RZ,Schmilau,,RZ,true,true,true,true,true,true,true,,,,Silke Gocht,person,Geschäftsführer,2011-04-20,,Gocht,Silke,Lauf,,,2,,,,,,,,,,,,,,,,
Förde-Eis GmbH,1646764,2018-06-19T17:47:58Z,X1517R_HRB1005EC,de/X1517R_HRB1005EC,currently registered,de,Dorfstr.,Dorfstr.,,,Kiel,HRB,Schleswig-Holstein,1005,Kiel HRB 1005 EC,Thumby,,EC,true,true,true,true,true,true,true,,,,,,,,,,,,,,,,,,,,,,,,,,,,,,
Hartmut Schmidt oHG,1647291,2018-06-19T17:50:23Z,X1112R_HRA1006SL,de/X1112R_HRA1006SL,currently registered,de,eingetragen..,eingetragen..,,,Flensburg,HRA,Schleswig-Holstein,1006,Flensburg HRA 1006 SL,Hüsby,,SL,true,true,true,true,true,true,true,,,,,,,,,,,,,,,,,,,,,,,,,,,,,,
Stallmann Baugesellschaft mbH,1647504,2018-06-19T17:50:23Z,R2507_HRB1006,de/R2507_HRB1006,currently registered,de,Heßlerstr.,Heßlerstr.,,,Gelsenkirchen,HRB,North Rhine-Westphalia,1006,Gelsenkirchen HRB 1006,Gelsenkirchen,,,true,true,true,true,true,true,true,,,,,,,,,,,,,,,,,,,,,,,,,,,,,,
FAROEX Gesellschaft für Ex- und Import mbH,1647688,2018-06-19T17:52:47Z,D3201V_HRB1007,de/D3201V_HRB1007,removed,de,Carlo-Loos-Str.,Carlo-Loos-Str.,,,Ansbach,HRB,Bavaria,1007,Ansbach HRB 1007,Gunzenhausen,,,false,true,true,true,false,true,true,,,,Marlene geborene Schmidt : Farag,person,Liquidator,2010-01-15,,: Farag,Marlene geborene Schmidt,Gunzenhausen,,sole representation,,,,,,,,,,,,,,,,,
STEBA PLAST Kunststofftechnik Christa Ulbricht e.K.,1647971,2018-06-19T17:52:47Z,D4102V_HRA1007,de/D4102V_HRA1007,removed,de,Gartenstr.,Gartenstr.,,,Aschaffenburg,HRA,Bavaria,1007,Aschaffenburg HRA 1007,Geiselbach,,,false,true,true,true,false,true,true,,,STEBA PLAST Kunststofftechnik Christa Ulbricht,Christa Ulbricht,person,Inhaber,2011-08-16,,Ulbricht,Christa,Elsfleth,,,,,,,,,,,,,,,,,,,
Haus-Bau Hansa GmbH & Co. KG,1648258,2018-06-19T18:57:07Z,G1312_HRA1008,de/G1312_HRA1008,currently registered,de,"c/o Bau Klein Kreutz GmbH, Überseering 35, 22297 Hamburg.",c/o Bau Klein Kreutz GmbH,Überseering,"35, 22297 Hamburg.",Potsdam,HRA,Brandenburg,1008,Potsdam HRA 1008,Brandenburg an der Havel,,,true,true,true,true,true,true,true,,,,"Bau Klein Kreutz GmbH, Klein Kreutz (Amtsgericht Potsdam, HRB 341 P)",company,Liquidator,2010-10-12,,,,,,,2,,,,,,,,,,,,,,,,
Schell GmbH,1648433,2018-06-19T18:57:07Z,D3201V_HRB1008,de/D3201V_HRB1008,currently registered,de,Schulstr.,Schulstr.,,,Ansbach,HRB,Bavaria,1008,Ansbach HRB 1008,"Dentlein a. Forst, Ortsteil Großohrenbronn",,,true,true,true,true,true,true,true,,,,Stefan Schell,person,Geschäftsführer,2013-01-29,,Schell,Stefan,Dentlein-Großohrenbronn,,sole representation,,,,,,,,,,,,,,,,,
Zimmerei Erdmann GmbH,1648519,2018-06-19T18:57:07Z,X1112R_HRB1008SL,de/X1112R_HRB1008SL,removed,de,"c/o Reiner Erdmann, Stadionstraße 7, 24855 Jübek",c/o Reiner Erdmann,Stadionstraße,"7, 24855 Jübek",Flensburg,HRB,Schleswig-Holstein,1008,Flensburg HRB 1008 SL,Lürschau,,SL,false,true,true,true,false,true,true,,,,Reiner Erdmann,person,Liquidator,2014-12-02,,Erdmann,Reiner,Jübek,,,,,,,,,,,,,,,,,,,
TAG Textilausrüstungs - Gesellschaft Schroers GmbH & Co. Kommanditgesellschaft,1648930,2018-06-19T18:59:33Z,R1402_HRA1009,de/R1402_HRA1009,currently registered,de,Gladbacher Str.,Gladbacher Str.,,,Krefeld,HRA,North Rhine-Westphalia,1009,Krefeld HRA 1009,Krefeld.,,,true,true,true,true,true,true,true,,,Textilausrüstungs-Gesellschaft Schroers & Co.,Norbert Fränken,person,Prokurist,,2005-08-22,Fränken,Norbert,,true,,,,,,,,,,,,,,,,,,
Strausberger Eisenbahn GmbH,1649882,2018-06-19T19:04:22Z,G1207_HRB1011,de/G1207_HRB1011,currently registered,de,"c/o Stadtwerke Strausberg GmbH, Kastanienallee 38, 15344 Strausberg.",c/o Stadtwerke Strausberg GmbH,Kastanienallee,"38, 15344 Strausberg.",Frankfurt/Oder,HRB,Brandenburg,1011,Frankfurt/Oder HRB 1011,Strausberg,,,true,true,true,true,true,true,true,,,,,,,,,,,,,,,,,,,,,,,,,,,,,,
Anneliese Sträter Gesellschaft mit beschränkter Haftung,1649977,2018-06-19T19:06:46Z,X1721R_HRB1012OD,de/X1721R_HRB1012OD,currently registered,de,"c/o Hans-Werner Liedtke, Schützenstraße 35, 23843 Bad Oldesloe",c/o Hans-Werner Liedtke,Schützenstraße,"35, 23843 Bad Oldesloe",Lübeck,HRB,Schleswig-Holstein,1012,Lübeck HRB 1012 OD,Bad Oldesloe,,OD,true,true,true,true,true,true,true,,,,,,,,,,,,,,,,,,,,,,,,,,,,,,
G. Jordan GmbH & Co. KG,1650096,2018-06-19T19:06:46Z,M1608_HRA1012,de/M1608_HRA1012,currently registered,de,Landstr.,Landstr.,,,Korbach,HRA,Hesse,1012,Korbach HRA 1012,Bad Arolsen,,,true,true,true,true,true,true,true,,,G. Jordan & Co.,Gerhard Jordan,person,Persönlich haftender Gesellschafter,,2012-05-31,Jordan,Gerhard,Bad Arolsen-Mengeringhausen,true,,,,,,,,,,,,,,,,,,
Schuster GmbH,1650306,2018-06-19T19:06:46Z,D4301V_HRB1012,de/D4301V_HRB1012,removed,de,Heinrich-Lübke-Str.,Heinrich-Lübke-Str.,,,Bayreuth,HRB,Bavaria,1012,Bayreuth HRB 1012,Gefrees,,,false,true,true,true,false,true,true,,,,Heidrun : Nüssel,person,Liquidator,2011-08-17,,: Nüssel,Heidrun,Gefrees,,sole representation,,,,,,,,,,,,,,,,,
Flessauer Milchproduktion GmbH,1651007,2018-06-19T19:11:39Z,W1215_HRB1014,de/W1215_HRB1014,currently registered,de,Rönnebecker Str.,Rönnebecker Str.,,,Stendal,HRB,Saxony-Anhalt,1014,Stendal HRB 1014,Osterburg (Altmark),,,true,true,true,true,true,true,true,,,,Hans-Walter Lemme,person,Geschäftsführer,2017-02-28,,Lemme,Hans-Walter,Osterburg (Altmark) OT Flessau,,sole representation,,,,,,,,,,,,,,,,,
CPS-Programmier-Service-GmbH,1651431,2018-06-19T19:14:04Z,P2106_HRB1015,de/P2106_HRB1015,currently registered,de,Gewerbestr.,Gewerbestr.,,,Stadthagen,HRB,Lower Saxony,1015,Stadthagen HRB 1015,Lindhorst,,,true,true,true,true,false,true,true,,,,,,,,,,,,,,,,,,,,,,,,,,,,,,
Funk Feine Herrenartikel e.K.,1651499,2018-06-19T19:14:04Z,U1104_HRA1015,de/U1104_HRA1015,currently registered,de,Innere Weberstr.,Innere Weberstr.,,,Dresden,HRA,Saxony,1015,Dresden HRA 1015,Zittau,,,true,true,true,true,true,true,true,,,Funk Feine Herrenartikel,Klaus Domaschk,person,Inhaber,2011-01-04,,Domaschk,Klaus,Zittau,,,,,,,,,,,,,,,,,,,
Landwirtschaftliche Buchstelle Cuxhaven-Osterholz Steuerberatungsgesellschaft mbH,1651644,2018-06-19T19:14:04Z,H1101_H1102_HRB1015,de/H1101_H1102_HRB1015,currently registered,de,Bismarckstr.,Bismarckstr.,,,Bremen,HRB,Bremen,1015,Bremen früher Bremerhaven HRB 1015,Bremerhaven,Bremerhaven,,true,true,true,true,true,true,true,,,,Katrin Schubert,person,Geschäftsführer,2016-12-05,,Schubert,Katrin,Geestland,,,2,,,,,,,,,,,,,,,,
Augst-Apotheke Wilhelm Söhne,1651852,2018-06-19T19:16:30Z,T2214V_HRA1016,de/T2214V_HRA1016,currently registered,de,Hauptstr.,Hauptstr.,,,Montabaur,HRA,Rhineland-Palatinate,1016,Montabaur HRA 1016,Neuhäusel,,,true,true,true,true,true,true,true,,,,,,,,,,,,,,,,,,,,,,,,,,,,,,
Elektro Serges GmbH,1651937,2018-06-19T19:16:30Z,R2507_HRB1016,de/R2507_HRB1016,currently registered,de,Schalker Str.,Schalker Str.,,,Gelsenkirchen,HRB,North Rhine-Westphalia,1016,Gelsenkirchen HRB 1016,Gelsenkirchen,,,true,true,true,true,true,true,true,,,,,,,,,,,,,,,,,,,,,,,,,,,,,,
"HUDIMEX G.m.b.H., Holz Im- und Export",1652046,2018-06-19T19:16:30Z,P3210_HRB1016,de/P3210_HRB1016,currently registered,de,Stresemannstr.,Stresemannstr.,,,Oldenburg (Oldenburg),HRB,Lower Saxony,1016,Oldenburg (Oldenburg) HRB 1016,Oldenburg,,,true,true,true,true,false,true,true,,,,Tammo Seiferheld,person,Geschäftsführer,,2015-01-26,Seiferheld,Tammo,Bremen,true,,,Holzkaufmann,,,,,,,,,,,,,,,
Profi-Kiel Baumarkt GmbH,1652152,2018-06-19T19:16:30Z,X1517R_HRB1016RD,de/X1517R_HRB1016RD,removed,de,Itzehoer Str.,Itzehoer Str.,,,Kiel,HRB,Schleswig-Holstein,1016,Kiel HRB 1016 RD,Nortorf,,RD,false,true,true,true,false,true,true,,,,Rolf Kiel,person,Liquidator,2013-04-03,,Kiel,Rolf,Nortorf,,Kaufmann,,,,,,,,,,,,,,,,,
H.C.Grosse Verwaltungsgesellschaft mbH,1652949,2018-06-19T19:21:19Z,X1517R_HRB1018SE,de/X1517R_HRB1018SE,currently registered,de,Bornhöveder Landstr.,Bornhöveder Landstr.,,,Kiel,HRB,Schleswig-Holstein,1018,Kiel HRB 1018 SE,Daldorf,,SE,true,true,true,true,true,true,true,,,,Olav Grosse,person,Geschäftsführer,2008-12-09,,Grosse,Olav,Schillsdorf,,,2,,,,,,,,,,,,,,,,
Hörgeräte Kersten Verwaltungs GmbH,1652988,2018-06-19T19:21:19Z,X1517R_HRB1018NM,de/X1517R_HRB1018NM,currently registered,de,Dorfstr.,Dorfstr.,,,Kiel,HRB,Schleswig-Holstein,1018,Kiel HRB 1018 NM,Neumünster,,NM,true,true,true,true,true,true,true,,,Hörgeräte -Kersten GmbH-Trockenrasierer-Zentrale,,,,,,,,,,,,,,,,,,,,,,,,,,,
Josef Gref Gesellschaft mit beschränkter Haftung.,1653456,2018-06-19T19:23:44Z,D3410V_HRB1019,de/D3410V_HRB1019,removed,de,Eschenbacher Str.,Eschenbacher Str.,,,Regensburg,HRB,Bavaria,1019,Regensburg HRB 1019,Regensburg,,,false,true,true,true,false,true,true,,,,Alexander Michael Gref,person,Geschäftsführer,,2009-11-25,Gref,Alexander Michael,Wenzenbach,true,,,,,,,,,,,,,,,,,,
Fotostudio Sommer & Spahn GmbH,1653809,2018-06-19T19:26:12Z,D3101V_HRB1020,de/D3101V_HRB1020,removed,de,Georgenstr.,Georgenstr.,,,Amberg,HRB,Bavaria,1020,Amberg HRB 1020,Amberg,,,false,true,true,true,false,true,true,,,,Wolfram Nemethi,person,Liquidator,2009-03-21,,Nemethi,Wolfram,Amberg,,sole representation,,,,,,,,,,,,,,,,,
BBT Steuerberatungsgesellschaft mbH,1655135,2018-06-19T19:33:31Z,D3101V_HRB1023,de/D3101V_HRB1023,removed,de,Friedenstr.,Friedenstr.,,,Amberg,HRB,Bavaria,1023,Amberg HRB 1023,Maxhütte-Haidhof,,,false,true,false,true,false,true,true,,,,,,,,,,,,,,,,,,,,,,,,,,,,,,
"Agrarproduktion ""Zur Bastei"" GmbH & Co KG",1655570,2018-06-19T19:35:57Z,U1104_HRA1024,de/U1104_HRA1024,removed,de,Kohlbergstr.,Kohlbergstr.,,,Dresden,HRA,Saxony,1024,Dresden HRA 1024,Lohmen,,,false,true,false,true,false,true,true,,,,"Agrarproduktion ""Zur Bastei"" Verwaltungs-GmbH, Lohmen (AG Dresden HRB 4858), mit der Befugnis, im Namen der Gesellschaft mit sich im eigenen Namen oder als Vertreter eines Dritten Rechtsgeschäfte abzuschließen.",company,Persönlich haftender Gesellschafter,2007-08-07,,,,,,,,,,,,,,,,,,,,,,,
Brefa-Fahrzeughandelsgesellschaft mit beschränkter Haftung,1655620,2018-06-19T19:35:57Z,P2204_HRB1024,de/P2204_HRB1024,currently registered,de,Hans-Böckler-Str.,Hans-Böckler-Str.,,,Göttingen,HRB,Lower Saxony,1024,Göttingen HRB 1024,Göttingen,,,true,true,true,true,false,true,true,,,,Michael Müller,person,Prokurist,,2012-03-07,Müller,Michael,Göttingen,true,,,,,,,,,,,,,,,,,,
"""Technik und Licht Gabriele Schütz-Thimm e.Kfr""",1656989,2018-06-19T19:43:13Z,M1706_HRA1027,de/M1706_HRA1027,removed,de,Bahnhofstr.,Bahnhofstr.,,,Limburg,HRA,Hesse,1027,Limburg HRA 1027,Bad Camberg,,,false,true,true,true,false,true,true,,,,,,,,,,,,,,,,,,,,,,,,,,,,,,
Boer Grundstücksverwaltungs GmbH & Co. KG,1657482,2018-06-19T19:45:39Z,W1215_HRA1028,de/W1215_HRA1028,currently registered,de,Neue Str.,Neue Str.,,,Stendal,HRA,Saxony-Anhalt,1028,Stendal HRA 1028,Kemberg,,,true,true,true,false,true,true,true,,,,,,,,,,,,,,,,,,,,,,,,,,,,,,
Josef Pötzl e.K.,1657658,2018-06-19T19:45:39Z,D2910V_HRA1028,de/D2910V_HRA1028,removed,de,Franz-Schubert-Str.,Franz-Schubert-Str.,,,Traunstein,HRA,Bavaria,1028,Traunstein HRA 1028,Hammerau,,,false,true,true,true,false,true,true,,,Josef Pötzl,,,,,,,,,,,,,,,,,,,,,,,,,,,
PROTEUS - Verwaltungs GmbH & Co. Immobilien KG,1657783,2018-06-19T19:45:39Z,D4608V_HRA1028,de/D4608V_HRA1028,removed,de,Jennerstr.,Jennerstr.,,,Schweinfurt,HRA,Bavaria,1028,Schweinfurt HRA 1028,Niederwerrn,,,false,true,true,true,false,true,true,,,,,,,,,,,,,,,,,,,,,,,,,,,,,,
Kurti-Trans Güterkraftverkehr E. u. A. Kurtkowiak oHG,1658644,2018-06-19T19:50:27Z,R2507_HRA1030,de/R2507_HRA1030,currently registered,de,Kanalstr.,Kanalstr.,,,Gelsenkirchen,HRA,North Rhine-Westphalia,1030,Gelsenkirchen HRA 1030,Gelsenkirchen,,,true,true,true,true,true,true,true,,,Spedition E. u. A. Kurtkowiak & Co.,,,,,,,,,,,,,,,,,,,,,,,,,,,
HBK Dethleffsen GmbH & Co. KG,1659028,2018-06-19T19:52:51Z,X1112R_HRA1031HU,de/X1112R_HRA1031HU,currently registered,de,Eisenbahnstr.,Eisenbahnstr.,,,Flensburg,HRA,Schleswig-Holstein,1031,Flensburg HRA 1031 HU,Bredstedt,,HU,true,true,true,true,true,true,true,,,,,,,,,,,,,,,,,,,,,,,,,,,,,,
IPS International Packing Services GmbH,1659064,2018-06-19T19:52:51Z,X1721R_HRB1031SB,de/X1721R_HRB1031SB,currently registered,de,Dorfstr.,Dorfstr.,,,Lübeck,HRB,Schleswig-Holstein,1031,Lübeck HRB 1031 SB,Brunstorf,,SB,true,true,true,true,true,true,true,,,,,,,,,,,,,,,,,,,,,,,,,,,,,,
"Augenoptik Knigge, Brillen- und Kontaktlinsen Handels-GmbH",1659337,2018-06-19T19:55:17Z,P2106_HRB1032,de/P2106_HRB1032,currently registered,de,Bahnhofstr.,Bahnhofstr.,,,Stadthagen,HRB,Lower Saxony,1032,Stadthagen HRB 1032,Lindhorst,,,true,true,true,true,false,true,true,,,,,,,,,,,,,,,,,,,,,,,,,,,,,,
Bornemann GmbH & Co. KG Rolladen-Elemente,1659845,2018-06-19T19:57:45Z,G1309_HRA1033,de/G1309_HRA1033,removed,de,Prignitzer Str.,Prignitzer Str.,,,Neuruppin,HRA,Brandenburg,1033,Neuruppin HRA 1033,Wittstock,,,false,true,false,true,false,true,true,,,,,,,,,,,,,,,,,,,,,,,,,,,,,,
Medata Gesellschaft für medizinische Datenverarbeitung und Vertrieb medizinischer Geräte mbH,1660089,2018-06-19T19:57:45Z,D3304V_HRB1033,de/D3304V_HRB1033,removed,de,Hartmannstr.,Hartmannstr.,,,Fürth,HRB,Bavaria,1033,Fürth HRB 1033,Erlangen,,,false,true,true,true,false,true,true,,,,Ingrid Wittenburg,person,Liquidator,2005-01-27,,Wittenburg,Ingrid,Erlangen,,,,,,,,,,,,,,,,,,,
Wohn- und Gewerbebau Holstein GmbH & Co. Kommanditgesellschaft,1660713,2018-06-19T20:00:15Z,X1517R_HRA1034RD,de/X1517R_HRA1034RD,removed,de,Wyker Str.,Wyker Str.,,,Kiel,HRA,Schleswig-Holstein,1034,Kiel HRA 1034 RD,Rendsburg,,RD,false,true,true,true,false,true,true,,,,"Wohn- und Gewerbebau Holstein GmbH Prokura: Nicht mehr Prokurist:2) Jürgensen, Wolfgang.",company,Persönlich haftender Gesellschafter,2009-01-29,,,,,,,1,,,,,,,,,,,,,,,,
Müller GmbH,1661023,2018-06-19T20:02:48Z,D4201V_HRB1035,de/D4201V_HRB1035,currently registered,de,Zeiler Str.,Zeiler Str.,,,Bamberg,HRB,Bavaria,1035,Bamberg HRB 1035,Sand am Main,,,true,true,true,true,true,true,true,,,Müller - Grams Maler - + Verputzer GmbH,Michael Müller,person,Geschäftsführer,2009-11-23,,Müller,Michael,Sand,,sole representation,,,,,,,,,,,,,,,,,
Alfons Dickert GmbH,1662152,2018-06-19T20:10:04Z,D3101V_HRB1038,de/D3101V_HRB1038,removed,de,Werkstr.,Werkstr.,,,Amberg,HRB,Bavaria,1038,Amberg HRB 1038,Bodenwöhr,,,false,true,false,true,false,true,true,,,,Alfons jun Dickert,person,Liquidator,2012-01-10,,Dickert,Alfons jun,Bodenwöhr,,,,,,,,,,,,,,,,,,,
Karl & Rausch Kleiderfabrikation,1662393,2018-06-19T20:10:04Z,D3101V_HRA1038,de/D3101V_HRA1038,removed,de,Doctor-Sauerbruch-Str.,Doctor-Sauerbruch-Str.,,,Amberg,HRA,Bavaria,1038,Amberg HRA 1038,Burglengenfeld,,,false,true,true,true,false,true,true,,,,,,,,,,,,,,,,,,,,,,,,,,,,,,
Thomas Kontek e. K.,1662983,2018-06-19T20:12:30Z,U1104_HRA1039,de/U1104_HRA1039,currently registered,de,Tiergartenstr.,Tiergartenstr.,,,Dresden,HRA,Saxony,1039,Dresden HRA 1039,Dresden,,,true,true,true,true,true,true,true,,,KONTEK Bürotechnik Inh. Thomas Kontek,Thomas Kontek,person,Inhaber,2013-09-17,,Kontek,Thomas,Dohna,,,,,,,,,,,,,,,,,,,
Lücking GmbH & Co. Kommanditgesellschaft,1663776,2018-06-19T20:17:20Z,R2201_HRA1041,de/R2201_HRA1041,removed,de,Neulingstr.,Neulingstr.,,,Bochum,HRA,North Rhine-Westphalia,1041,Bochum HRA 1041,Bochum,,,false,true,true,true,false,true,true,,,Bernhard Lücking,Sigrid Richter,person,Liquidator,2014-09-08,,Richter,Sigrid,Freiburg,,,,,,,,,,,,,,,,,,,
Lüstringer Wäschefabrik - Beteiligungsgesellschaft mit beschränkter Haftung,1664233,2018-06-19T20:19:44Z,P3313_HRB1042,de/P3313_HRB1042,removed,de,Mindener Str.,Mindener Str.,,,Osnabrück,HRB,Lower Saxony,1042,Osnabrück HRB 1042,Lüstringen,,,false,true,true,true,false,true,true,,,,Andreas : Imhof,person,Liquidator,2008-11-07,,: Imhof,Andreas,Osnabrück,,,,Kaufmann,,,,,,,,,,,,,,,
Wälzlager-Vertriebsgesellschaft mit beschränkter Haftung,1664862,2018-06-19T20:22:08Z,D3310V_HRB1043,de/D3310V_HRB1043,currently registered,de,Saganer Str.,Saganer Str.,,,Nürnberg,HRB,Bavaria,1043,Nürnberg HRB 1043,Nürnberg,,,true,true,true,true,true,true,true,,,,Stefan Kastner,person,Geschäftsführer,2013-03-05,,Kastner,Stefan,Nürnberg,,,,,,,,,,,,,,,,,,,
Heinz Abel Gesellschaft mit beschränkter Haftung,1665068,2018-06-19T20:24:32Z,M1305_HRB1044,de/M1305_HRB1044,removed,de,Ludwig-Mohr-Str.,Ludwig-Mohr-Str.,,,Bad Hersfeld,HRB,Hesse,1044,Bad Hersfeld HRB 1044,Alheim,,,false,true,true,true,false,true,true,,,Rollädenbau G.m.b.H.,,,,,,,,,,,,,,,,,,,,,,,,,,,
Nirschl & Stüdemann e.K. Inh. Harald Lenke,1665630,2018-06-19T20:26:56Z,R1101_HRA1045,de/R1101_HRA1045,removed,de,Heerdterbuschstr.,Heerdterbuschstr.,,,Düsseldorf,HRA,North Rhine-Westphalia,1045,Düsseldorf HRA 1045,Neuss,,,false,true,false,true,false,true,true,,,Nirschl & Stüdemann,,,,,,,,,,,,,,,,,,,,,,,,,,,
Windkraft Kluis/Rügen oHG,1666681,2018-06-19T20:31:53Z,N1209V_HRA1047,de/N1209V_HRA1047,currently registered,de,"Gagern, Zum Anger 7, 18569 Kluis.",Gagern,Zum,"Anger 7, 18569 Kluis.",Stralsund,HRA,Mecklenburg-Western Pomerania,1047,Stralsund HRA 1047,Kluis,,,true,true,true,true,true,true,true,,,Windkraft GmbH Kluis/Rügen & Co. KG,"Verwaltung Windkraft GmbH Kluis/Rügen, Kluis (Amtsgericht Stralsund HRB 4328).",company,Persönlich haftender Gesellschafter,,2015-09-17,,,,true,,,,,,,,,,,,,,,,,,
Bücher Gesellschaft mit beschränkter Haftung,1666759,2018-06-19T20:34:17Z,D4301V_HRB1048,de/D4301V_HRB1048,currently registered,de,"Austraße 3, c/o Lieselotte Klein, 95445 Bayreuth.",Austraße 3,c/o,"Lieselotte Klein, 95445 Bayreuth.",Bayreuth,HRB,Bavaria,1048,Bayreuth HRB 1048,Bayreuth,,,true,true,true,true,true,true,true,,,,,,,,,,,,,,,,,,,,,,,,,,,,,,
Heymer GmbH,1667353,2018-06-19T20:36:41Z,R1901_HRB1049,de/R1901_HRB1049,currently registered,de,Von-Siemens-Str.,Von-Siemens-Str.,,,Arnsberg,HRB,North Rhine-Westphalia,1049,Arnsberg HRB 1049,Arnsberg,,,true,true,true,true,true,true,true,,,,,,,,,,,,,,,,,,,,,,,,,,,,,,
Cuba Development Associates GmbH,1668138,2018-06-19T20:41:32Z,X1721R_HRB1051SB,de/X1721R_HRB1051SB,removed,de,"c/o Tobias Bräuer, Bauernvogtkoppel 25 b, 22393 Hamburg Vertretungsregelung: Ist ein Liquidator bestellt, so vertritt er die Gesellschaft allein.",c/o Tobias Bräuer,Bauernvogtkoppel,"25 b, 22393 Hamburg Vertretungsregelung: Ist ein Liquidator bestellt, so vertritt er die Gesellschaft allein.",Lübeck,HRB,Schleswig-Holstein,1051,Lübeck HRB 1051 SB,Schwarzenbek,,SB,false,true,true,true,false,true,true,,,,Tobias Bräuer,person,Liquidator,2009-11-10,,Bräuer,Tobias,Hamburg Rechtsverhaeltnis: Durch Beschluss der Gesellschafterversammlung vom 16.09.2009 ist die Gesellschaft aufgelöst,,,,,,,,,,,,,,,,,,,
Manfred Hoffmann GmbH Oberflächenveredelung,1668344,2018-06-19T20:41:32Z,R1901_HRB1051,de/R1901_HRB1051,currently registered,de,Hanns-Martin-Schleyer-Str.,Hanns-Martin-Schleyer-Str.,,,Arnsberg,HRB,North Rhine-Westphalia,1051,Arnsberg HRB 1051,Sundern,,,true,true,true,true,true,true,true,,,Manfred Hoffmann GmbH Metallverarbeitung,,,,,,,,,,,,,,,,,,,,,,,,,,,
Vital Village e.G.,1668950,2018-06-19T20:43:56Z,K1101R_GnR1052,de/K1101R_GnR1052,currently registered,de,"Geschäftsanschrift: Heidenkampsweg 51,c/o WLP GmbH, 20097 Hamburg.",Geschäftsanschrift: Heidenkampsweg 51,c/o,"WLP GmbH, 20097 Hamburg.",Hamburg,GnR,Hamburg,1052,Hamburg GnR 1052,Hamburg,,,true,true,true,false,true,true,true,,,,,,,,,,,,,,,,,,,,,,,,,,,,,,
UniSell GmbH,1669385,2018-06-19T20:46:20Z,X1721R_HRB1053SB,de/X1721R_HRB1053SB,removed,de,"c/o Therese Kreher, Eichendorffstraße 3, 10115 Berlin",c/o Therese Kreher,Eichendorffstraße,"3, 10115 Berlin",Lübeck,HRB,Schleswig-Holstein,1053,Lübeck HRB 1053 SB,Berlin,,SB,false,true,false,true,false,true,true,,,,,,,,,,,,,,,,,,,,,,,,,,,,,,
Hüser und Michels GmbH Tischlerei,1669646,2018-06-19T20:48:46Z,R2809_HRB1054,de/R2809_HRB1054,currently registered,de,Neubrückenstr.,Neubrückenstr.,,,Paderborn,HRB,North Rhine-Westphalia,1054,Paderborn HRB 1054,Büren,,,true,true,true,true,true,true,true,,,G & H Immobilienentwicklungsgesellschaft mbH,Jan Hüser,person,Geschäftsführer,2013-01-11,,Hüser,Jan,Büren,,,,,,,,,,,,,,,,,,,
Neue Apotheke Inh. Jana Nique e. K.,1669750,2018-06-19T20:48:46Z,G1309_HRA1054,de/G1309_HRA1054,currently registered,de,Kyritzer Str.,Kyritzer Str.,,,Neuruppin,HRA,Brandenburg,1054,Neuruppin HRA 1054,Wittenberge,,,true,true,true,true,true,true,true,,,Neue Apotheke Inh. Jana Wulf e. K.,Jana geborene Wulf Nique,person,Inhaber,2011-02-22,,Nique,Jana geborene Wulf,Wittenberge OT Bentwisch,,,,,,,,,,,,,,,,,,,
Bode Aktiengesellschaft,1669959,2018-06-19T20:51:12Z,X1721R_HRB1055SB,de/X1721R_HRB1055SB,removed,de,Hauptstr.,Hauptstr.,,,Lübeck,HRB,Schleswig-Holstein,1055,Lübeck HRB 1055 SB,Wentorf bei Hamburg,,SB,false,true,true,true,false,true,true,,,,,,,,,,,,,,,,,,,,,,,,,,,,,,
Institut für Gesellschaft und Arbeit eG,1670123,2018-06-19T20:51:12Z,K1101R_GnR1055,de/K1101R_GnR1055,currently registered,de,"Geschäftsanschrift: Rathenaustraße 236,c/o Feiheit, 22337 Hamburg.",Geschäftsanschrift: Rathenaustraße 236,c/o,"Feiheit, 22337 Hamburg.",Hamburg,GnR,Hamburg,1055,Hamburg GnR 1055,Hamburg,,,true,true,true,false,true,true,true,,,,,,,,,,,,,,,,,,,,,,,,,,,,,,
Intersign Schilder-Vertriebsgesellschaft mbH,1670127,2018-06-19T20:51:12Z,D3101V_HRB1055,de/D3101V_HRB1055,removed,de,August-Borsig-Str.,August-Borsig-Str.,,,Amberg,HRB,Bavaria,1055,Amberg HRB 1055,Amberg,,,false,true,true,true,false,true,true,,,,Amberg Moedel Christian,person,Liquidator,2008-05-21,,Moedel Christian,Amberg,,,,,,,,,,,,,,,,,,,,
ATH KFZ und Agrardienstleistung GmbH & Co. KG,1670403,2018-06-19T20:53:37Z,W1215_HRA1056,de/W1215_HRA1056,currently registered,de,Magdeburger Str.,Magdeburger Str.,,,Stendal,HRA,Saxony-Anhalt,1056,Stendal HRA 1056,Möckern,,,true,true,true,false,true,true,true,,,ATH KFZ + Auto-Verwertung GmbH & Co. KG,"ATH Verwaltungs GmbH, Möckern (Amtsgericht Stendal HRB 4854).",company,Persönlich haftender Gesellschafter,2005-07-14,,,,,,,,,,,,,,,,,,,,,,,
Stammler Vermögensverwaltung GmbH & Co. KG,1670727,2018-06-19T20:53:37Z,M1706_HRA1056,de/M1706_HRA1056,currently registered,de,"c/o WM Treuhand & Steuerberatungsgesellschaft AG, Kopenhagener Straße 10, 65552 Limburg a. d. Lahn.",c/o WM Treuhand & Steuerberatungsgesellschaft AG,Kopenhagener,"Straße 10, 65552 Limburg a. d. Lahn.",Limburg,HRA,Hesse,1056,Limburg HRA 1056,Limburg,,,true,true,true,true,true,true,true,,,,,,,,,,,,,,,,,,,,,,,,,,,,,,
OL Objekt-Leasing Beteiligungs GmbH,1671636,2018-06-19T20:58:24Z,D2910V_HRB1058,de/D2910V_HRB1058,currently registered,de,Ehringer Innstr.,Ehringer Innstr.,,,Traunstein,HRB,Bavaria,1058,Traunstein HRB 1058,Mühldorf am Inn,,,true,true,true,true,true,true,true,,,Globa Finanzierungsvermittlung GmbH (Altmühldorf),Georg Alexander Wembacher,person,Geschäftsführer,2009-12-14,,Wembacher,Georg Alexander,München,,sole representation,,,,,,,,,,,,,,,,,
Adolf Berger KG,1671787,2018-06-19T21:00:48Z,D3101V_HRA1059,de/D3101V_HRA1059,removed,de,Krankenhausstr.,Krankenhausstr.,,,Amberg,HRA,Bavaria,1059,Amberg HRA 1059,Nabburg,,,false,true,true,true,false,true,true,,,,Adolf Berger,person,Persönlich haftender Gesellschafter,,2012-01-18,Berger,Adolf,Nabburg,true,,,Bildhauer und Steinmetzmeister,,,,,,,,,,,,,,,
Wehrsdorfer Werkstätten Möbel und Innenausbau GmbH & Co. KG,1672217,2018-06-19T21:00:48Z,U1104_HRA1059,de/U1104_HRA1059,currently registered,de,Dresdener Str.,Dresdener Str.,,,Dresden,HRA,Saxony,1059,Dresden HRA 1059,Sohland a. d. Spree,,,true,true,true,true,true,true,true,,,,,,,,,,,,,,,,,,,,,,,,,,,,,,
Wohnungsbaugesellschaft Dressler Gesellschaft mit beschränkter Haftung,1672231,2018-06-19T21:00:48Z,M1502_HRB1059,de/M1502_HRB1059,currently registered,de,Güterbahnhofstr.,Güterbahnhofstr.,,,Hanau,HRB,Hesse,1059,Hanau HRB 1059,Hanau,,,true,true,true,true,true,true,true,,,,,,,,,,,,,,,,,,,,,,,,,,,,,,
Förderungsgesellschaft der Reformwarenwirtschaft (FdR) mit beschränkter Haftung,1672387,2018-06-19T21:03:15Z,M1202_HRB1060,de/M1202_HRB1060,removed,de,"c/o Amend Rechtsanwälte, Minnholzweg 2 b, 61476 Kronberg im Taunus.",c/o Amend Rechtsanwälte,Minnholzweg,"2 b, 61476 Kronberg im Taunus.",Bad Homburg v.d.H.,HRB,Hesse,1060,Bad Homburg v.d.H. HRB 1060,Bad Homburg v. d. Höhe,,,false,true,true,true,false,true,true,,,Förderungsgesellschaft der Reformwarenwirtschaft (F D R) mit beschränkter Haftung,Gert Matheisen,person,Liquidator,2014-12-19,,Matheisen,Gert,Friedrichsdorf,,,,,,,,,,,,,,,,,,,
Heinrich Seegers GmbH & Co. KG,1672442,2018-06-19T21:03:15Z,P2106_HRA1060,de/P2106_HRA1060,currently registered,de,Bahnhofstr.,Bahnhofstr.,,,Stadthagen,HRA,Lower Saxony,1060,Stadthagen HRA 1060,Stadthagen,,,true,true,true,true,false,true,true,,,Heinrich Seegers,,,,,,,,,,,,,,,,,,,,,,,,,,,
Auto-Centrale Görlitz Paul Tesch KG,1672728,2018-06-19T21:05:41Z,U1104_HRA1061,de/U1104_HRA1061,currently registered,de,Jakobstr.,Jakobstr.,,,Dresden,HRA,Saxony,1061,Dresden HRA 1061,Görlitz,,,true,true,true,true,true,true,true,,,Autozentrale Görlitz Paul Tesch,,,,,,,,,,,,,,,,,,,,,,,,,,,
U.-H.-D. Universal-Haustechnik-Dienst KG,1673560,2018-06-19T21:08:05Z,W1215_HRA1062,de/W1215_HRA1062,currently registered,de,Berliner Str.,Berliner Str.,,,Stendal,HRA,Saxony-Anhalt,1062,Stendal HRA 1062,Gräfenhainichen,,,true,true,true,false,true,true,true,,,,Hans-Jürgen Jockwer,person,Persönlich haftender Gesellschafter,2005-07-29,,Jockwer,Hans-Jürgen,Gräfenhainichen,,,,,,,,,,,,,,,,,,,
Gebrüder Bernard Aktiengesellschaft,1673768,2018-06-19T21:10:28Z,D3410V_HRB1063,de/D3410V_HRB1063,currently registered,de,Laberstr.,Laberstr.,,,Regensburg,HRB,Bavaria,1063,Regensburg HRB 1063,Sinzing,,,true,true,true,true,true,true,true,,,,,,,,,,,,,,,,,,,,,,,,,,,,,,
August Kröger Gesellschaft mit beschränkter Haftung,1674123,2018-06-19T21:12:52Z,M1602_HRB1064,de/M1602_HRB1064,currently registered,de,Klausbergstr.,Klausbergstr.,,,Eschwege,HRB,Hesse,1064,Eschwege HRB 1064,Bad Sooden-Allendorf,,,true,true,true,true,true,true,true,,,,Joachim Schmitt,person,Geschäftsführer,,2007-04-05,Schmitt,Joachim,Wanfried - Aue,true,,,Maurermeister,,,,,,,,,,,,,,,
HEICON Internet Providing GmbH & Co. KG,1674280,2018-06-19T21:12:52Z,P2716_HRA1064,de/P2716_HRA1064,currently registered,de,Düshorner Str.,Düshorner Str.,,,Walsrode,HRA,Lower Saxony,1064,Walsrode HRA 1064,Fallingbostel,,,true,true,true,true,false,true,true,,,,,,,,,,,,,,,,,,,,,,,,,,,,,,
"""rent"" - Grundstücksverwaltungsgesellschaft mbH",1675009,2018-06-19T21:17:41Z,R2713_HRB1066,de/R2713_HRB1066,currently registered,de,Fraunhoferstr.,Fraunhoferstr.,,,Münster,HRB,North Rhine-Westphalia,1066,Münster HRB 1066,Münster,,,true,true,true,true,true,true,true,,,rent - Grundstücksverwaltungsgesellschaft mbH,,,,,,,,,,,,,,,,,,,,,,,,,,,
Schlüter Sport-Treff Neuruppin GmbH,1675365,2018-06-19T21:17:41Z,G1309_HRB1066,de/G1309_HRB1066,currently registered,de,Karl-Marx-Str.,Karl-Marx-Str.,,,Neuruppin,HRB,Brandenburg,1066,Neuruppin HRB 1066,Neuruppin,,,true,true,false,true,true,true,true,,,,,,,,,,,,,,,,,,,,,,,,,,,,,,
"Gerald Gleissner, Werbeartikel und Thermometerfabrikations GmbH",1676502,2018-06-19T21:25:10Z,D4301V_HRB1069,de/D4301V_HRB1069,removed,de,Rotkreuzstr.,Rotkreuzstr.,,,Bayreuth,HRB,Bavaria,1069,Bayreuth HRB 1069,Goldkronach,,,false,true,true,true,false,true,true,,,,,,,,,,,,,,,,,,,,,,,,,,,,,,
MEDIHERB GmbH,1676650,2018-06-19T21:25:10Z,X1721R_HRB1069OL,de/X1721R_HRB1069OL,currently registered,de,Brückstr.,Brückstr.,,,Lübeck,HRB,Schleswig-Holstein,1069,Lübeck HRB 1069 OL,Neustadt in Holstein,,OL,true,true,true,true,true,true,true,,,,,,,,,,,,,,,,,,,,,,,,,,,,,,
Ströh Beteiligungsgesellschaft mbH,1676756,2018-06-19T21:25:10Z,X1721R_HRB1069OD,de/X1721R_HRB1069OD,currently registered,de,Lorentzenstr.,Lorentzenstr.,,,Lübeck,HRB,Schleswig-Holstein,1069,Lübeck HRB 1069 OD,Bad Oldesloe,,OD,true,true,true,true,true,true,true,,,,,,,,,,,,,,,,,,,,,,,,,,,,,,
"DIETRICHSBRUCKNER & HELD LLP, Zweigniederlassung Deutschland",1676920,2018-06-19T21:27:44Z,D2601V_PR1070,de/D2601V_PR1070,currently registered,de,Nymphenburger Str.,Nymphenburger Str.,,,München,PR,Bavaria,1070,München PR 1070,München,,,true,true,true,false,true,true,true,,,,,,,,,,,,,,,,,,,,,,,,,,,,,,
MGB Joachim Fliesen & Natursteinverlegung GmbH & Co. KG,1677126,2018-06-19T21:27:44Z,N1308V_HRA1070,de/N1308V_HRA1070,currently registered,de,Warsower Str.,Warsower Str.,,,Schwerin,HRA,Mecklenburg-Western Pomerania,1070,Schwerin HRA 1070,Mühlenbeck,,,true,true,true,true,true,true,true,,,Fliesen & Naturstein Roland Joachim GmbH & Co.KG,,,,,,,,,,,,,,,,,,,,,,,,,,,
Michael Ebnet Landhausmoden e.K.,1677127,2018-06-19T21:27:44Z,D3101V_HRA1070,de/D3101V_HRA1070,currently registered,de,Dietersdorfer Hauptstr.,Dietersdorfer Hauptstr.,,,Amberg,HRA,Bavaria,1070,Amberg HRA 1070,Schönsee,,,true,true,true,true,true,true,true,,,Michael Ebnet Damen- und Kinderkonfektion,Michael Ebnet,person,Inhaber,2014-06-02,,Ebnet,Michael,Dietersdorf,,,,,,,,,,,,,,,,,,,
Verlag Tages-Anzeiger GmbH,1677259,2018-06-19T21:27:44Z,D3410V_HRB1070,de/D3410V_HRB1070,currently registered,de,Kumpfmühler Str.,Kumpfmühler Str.,,,Regensburg,HRB,Bavaria,1070,Regensburg HRB 1070,Regensburg,,,true,true,true,true,true,true,true,,,Verlag Tages-Anzeiger Gesellschaft mit beschränkter Haftung,Bernhard Fink,person,Prokurist,2008-08-05,,Fink,Bernhard,Pentling,,,,,,,,,,,,,,,,,,,
Marken - Paul,1677578,2018-06-19T21:30:07Z,D2910V_HRA1071,de/D2910V_HRA1071,removed,de,Wolf-Dietrich-Str.,Wolf-Dietrich-Str.,,,Traunstein,HRA,Bavaria,1071,Traunstein HRA 1071,Freilassing,,,false,true,true,true,false,true,true,,,,,,,,,,,,,,,,,,,,,,,,,,,,,,
H. Bisquolm GmbH,1677926,2018-06-19T21:32:31Z,D2910V_HRB1072,de/D2910V_HRB1072,currently registered,de,Lorettostr.,Lorettostr.,,,Traunstein,HRB,Bavaria,1072,Traunstein HRB 1072,Reichertsheim-Ramsau,,,true,true,true,true,true,true,true,,,,Hermann Bisquolm,person,Geschäftsführer,2005-04-18,,Bisquolm,Hermann,Reichertsheim,,sole representation,,,,,,,,,,,,,,,,,
Herbert Fleißig Verwaltungsgesellschaft mit beschränkter Haftung,1677961,2018-06-19T21:32:31Z,R2707_HRB1072,de/R2707_HRB1072,currently registered,de,Rosenstr.,Rosenstr.,,,Coesfeld,HRB,North Rhine-Westphalia,1072,Coesfeld HRB 1072,Coesfeld,,,true,true,true,true,true,true,true,,,,,,,,,,,,,,,,,,,,,,,,,,,,,,
WVG Wärmeversorgungsgesellschaft mbH,1678663,2018-06-19T21:35:24Z,G1103_HRB1073,de/G1103_HRB1073,currently registered,de,Walter-Rathenau-Str.,Walter-Rathenau-Str.,,,Cottbus,HRB,Brandenburg,1073,Cottbus HRB 1073,Cottbus,,,true,true,true,true,true,true,true,,,,,,,,,,,,,,,,,,,,,,,,,,,,,,
Karl Profit e.K.,1679384,2018-06-19T21:40:33Z,T3403V_HRA1075,de/T3403V_HRA1075,removed,de,Maxstr.,Maxstr.,,,Zweibrücken,HRA,Rhineland-Palatinate,1075,Zweibrücken HRA 1075,Zweibrücken,,,false,true,true,true,false,true,true,,,Karl Profit,,,,,,,,,,,,,,,,,,,,,,,,,,,
Albert K a r l  jun. Hosenfabrikation,1679597,2018-06-19T21:43:04Z,D3101V_HRA1076,de/D3101V_HRA1076,currently registered,de,Parkstr.,Parkstr.,,,Amberg,HRA,Bavaria,1076,Amberg HRA 1076,Burglengenfeld,,,true,true,true,true,true,true,true,,,,,,,,,,,,,,,,,,,,,,,,,,,,,,
Och City-Sport GmbH & Co. KG,1680361,2018-06-19T21:45:38Z,M1706_HRA1077,de/M1706_HRA1077,currently registered,de,Frankenstr.,Frankenstr.,,,Limburg,HRA,Hesse,1077,Limburg HRA 1077,Limburg a. d. Lahn,,,true,true,true,true,true,true,true,,,,"Och Beteiligungs- und Verwaltungs-GmbH, Limburg a. d. Lahn (Amtsgericht Limburg HRB 1917), mit der Befugnis, im Namen der Gesellschaft mit sich im eigenen Namen oder als Vertreter eines Dritten Rechtsgeschäfte abzuschließen.",company,Persönlich haftender Gesellschafter,2011-11-24,,,,,,,,,,,,,,,,,,,,,,,
Beckmann KG,1681476,2018-06-19T21:53:13Z,D5701V_HRA1080,de/D5701V_HRA1080,removed,de,"Nürnberger Straße 13, 9336 Altmannstein-Sandersdorf.",Nürnberger Straße 13,9336,Altmannstein-Sandersdorf.,Ingolstadt,HRA,Bavaria,1080,Ingolstadt HRA 1080,Altmannstein,,,false,true,true,true,false,true,true,,,,Ralf Gerwert,person,Persönlich haftender Gesellschafter,2009-06-09,,Gerwert,Ralf,Pirmasens,,,,Braumeister und Getränketechnologe,,,,,,,,,,,,,,,
Hochrein Beton GmbH,1682524,2018-06-19T21:58:15Z,D4201V_HRB1082,de/D4201V_HRB1082,currently registered,de,Hochrein Str.,Hochrein Str.,,,Bamberg,HRB,Bavaria,1082,Bamberg HRB 1082,"Theres, OT Horhausen",,,true,true,true,true,true,true,true,,,,,,,,,,,,,,,,,,,,,,,,,,,,,,
I.D.V. Isolier- und Dämmstoff-Vertriebs-Gesellschaft mit beschränkter Haftung,1682536,2018-06-19T21:58:15Z,R2204_HRB1082,de/R2204_HRB1082,currently registered,de,Dürener Str.,Dürener Str.,,,Recklinghausen,HRB,North Rhine-Westphalia,1082,Recklinghausen HRB 1082,Recklinghausen,,,true,true,true,true,true,true,true,,,,,,,,,,,,,,,,,,,,,,,,,,,,,,
NordWind Umwelttechnik GmbH & Co. Windpark KG,1682639,2018-06-19T21:58:15Z,N1105V_HRA1082,de/N1105V_HRA1082,removed,de,Lindenstr.,Lindenstr.,,,Neubrandenburg,HRA,Mecklenburg-Western Pomerania,1082,Neubrandenburg HRA 1082,Neubrandenburg,,,false,true,true,true,false,true,true,,,,,,,,,,,,,,,,,,,,,,,,,,,,,,
Stürmer & Schneider Betonwerk GmbH,1682705,2018-06-19T21:58:15Z,D4102V_HRB1082,de/D4102V_HRB1082,currently registered,de,Friedlandstr.,Friedlandstr.,,,Aschaffenburg,HRB,Bavaria,1082,Aschaffenburg HRB 1082,Haibach,,,true,true,true,true,true,true,true,,,,,,,,,,,,,,,,,,,,,,,,,,,,,,
GYNEMED Verwaltungs-GmbH,1682953,2018-06-19T22:00:45Z,X1721R_HRB1083OL,de/X1721R_HRB1083OL,currently registered,de,Eutiner Str.,Eutiner Str.,,,Lübeck,HRB,Schleswig-Holstein,1083,Lübeck HRB 1083 OL,Lensahn,,OL,true,true,true,true,true,true,true,,,,David B Wolf,person,Geschäftsführer,2017-05-28,,Wolf,David B,Wayland/ USA,,,2,,,,,,,,,,,,,,,,
Gruber Autoelektrik GmbH,1683871,2018-06-19T22:05:47Z,D4301V_HRB1085,de/D4301V_HRB1085,currently registered,de,Culmer Str.,Culmer Str.,,,Bayreuth,HRB,Bavaria,1085,Bayreuth HRB 1085,Mistelgau,,,true,true,true,true,true,true,true,,,,,,,,,,,,,,,,,,,,,,,,,,,,,,
Nicol Wirth,1683998,2018-06-19T22:05:47Z,D4301V_HRA1085,de/D4301V_HRA1085,removed,de,Hofer Str.,Hofer Str.,,,Bayreuth,HRA,Bavaria,1085,Bayreuth HRA 1085,Kulmbach,,,false,true,true,true,false,true,true,,,,,,,,,,,,,,,,,,,,,,,,,,,,,,
AMEOS Pflegegesellschaft Südholstein mbH & Co KG,1685084,2018-06-19T22:13:35Z,X1721R_HRA1088RZ,de/X1721R_HRA1088RZ,currently registered,de,Schmilauer Str.,Schmilauer Str.,,,Lübeck,HRA,Schleswig-Holstein,1088,Lübeck HRA 1088 RZ,Ratzeburg,,RZ,true,true,true,true,true,true,true,,,Betriebsgesellschaft Senioren-Wohnsitz Ratzeburg GmbH & Co KG,,,,,,,,,,,,,,,,,,,,,,,,,,,
Karl Himmelmann Gesellschaft mit beschränkter Haftung & Co. Kommanditgesellschaft,1685308,2018-06-19T22:13:35Z,M1608_HRA1088,de/M1608_HRA1088,currently registered,de,Rauchstr.,Rauchstr.,,,Korbach,HRA,Hesse,1088,Korbach HRA 1088,Bad Arolsen,,,true,true,true,true,true,true,true,,,"Karl Himmelmann, Inhaber Ernst Hensche",,,,,,,,,,,,,,,,,,,,,,,,,,,
Möbel Tondern GmbH,1685363,2018-06-19T22:13:35Z,X1112R_HRB1088HU,de/X1112R_HRB1088HU,removed,de,Osterstr.,Osterstr.,,,Flensburg,HRB,Schleswig-Holstein,1088,Flensburg HRB 1088 HU,Bredstedt,,HU,false,true,true,true,false,true,true,,,,Marlene Ketelsen,person,Liquidator,2011-08-02,,Ketelsen,Marlene,Dagebüll,,,,,,,,,,,,,,,,,,,
Thermo - Heizbau Gesellschaft mit beschränkter Haftung,1685443,2018-06-19T22:13:35Z,R2103_HRB1088,de/R2103_HRB1088,currently registered,de,Österwieher Str.,Österwieher Str.,,,Gütersloh,HRB,North Rhine-Westphalia,1088,Gütersloh HRB 1088,Verl,,,true,true,true,true,true,true,true,,,,,,,,,,,,,,,,,,,,,,,,,,,,,,
Vollmer Verwaltungs-Gesellschaft mit beschränkter Haftung,1685471,2018-06-19T22:13:35Z,T2210V_HRB1088,de/T2210V_HRB1088,removed,de,Hauptstr.,Hauptstr.,,,Koblenz,HRB,Rhineland-Palatinate,1088,Koblenz HRB 1088,Koblenz,,,false,true,true,true,false,true,true,,,,Rita Edeltraud geborene Vollmer Vollmer-Vetter,person,Liquidator,2013-04-17,,Vollmer-Vetter,Rita Edeltraud geborene Vollmer,Koblenz,,,,,,,,,,,,,,,,,,,
Eckhardt Elektronik GmbH,1685599,2018-06-19T22:16:08Z,R2809_HRB1089,de/R2809_HRB1089,currently registered,de,Max-Planck-Str.,Max-Planck-Str.,,,Paderborn,HRB,North Rhine-Westphalia,1089,Paderborn HRB 1089,Paderborn,,,true,true,true,true,true,true,true,,,,Udo Eckhardt,person,Liquidator,2010-07-01,,Eckhardt,Udo,Paderborn,,,,,,,,,,,,,,,,,,,
Boenigk & Althaus Gesellschaft mit beschränkter Haftung,1686017,2018-06-19T22:18:42Z,R1101_HRB1090,de/R1101_HRB1090,currently registered,de,Lindenstr.,Lindenstr.,,,Düsseldorf,HRB,North Rhine-Westphalia,1090,Düsseldorf HRB 1090,Düsseldorf,,,true,true,true,true,true,true,true,,,,Heinz Rehorn,person,Geschäftsführer,,2009-03-24,Rehorn,Heinz,Düsseldorf,true,,,Installationsmeister,,,,,,,,,,,,,,,
Deximco Export-Import-Consulting GmbH,1686531,2018-06-19T22:21:15Z,D3101V_HRB1091,de/D3101V_HRB1091,removed,de,Augsburger Str.,Augsburger Str.,,,Amberg,HRB,Bavaria,1091,Amberg HRB 1091,Schwandorf,,,false,true,true,true,false,true,true,,,,Schwandorf Frischeisen Klaus,person,Liquidator,2006-07-05,,Frischeisen Klaus,Schwandorf,allein vertretungsberechtigt,,solange er einziger Liquidator ist,,,,,,,,,,,,,,,,,
Einsiedel & Bernt GmbH,1686549,2018-06-19T22:21:15Z,D4301V_HRB1091,de/D4301V_HRB1091,removed,de,Leuschnerstr.,Leuschnerstr.,,,Bayreuth,HRB,Bavaria,1091,Bayreuth HRB 1091,Bayreuth,,,false,true,true,true,false,true,true,,,,Irmtraud Bernt,person,Prokurist,,2008-02-07,Bernt,Irmtraud,Bayreuth,true,,,,,,,,,,,,,,,,,,
MIX MARKT GmbH & Co. KG,1686737,2018-06-19T22:21:15Z,M1706_HRA1091,de/M1706_HRA1091,currently registered,de,Zeppelinstr.,Zeppelinstr.,,,Limburg,HRA,Hesse,1091,Limburg HRA 1091,Limburg a. d. Lahn,,,true,true,true,true,true,true,true,,,,,,,,,,,,,,,,,,,,,,,,,,,,,,
Spenneberg GmbH & Co. KG,1686822,2018-06-19T22:21:15Z,R2706_HRA1091,de/R2706_HRA1091,currently registered,de,Altenberger Str.,Altenberger Str.,,,Steinfurt,HRA,North Rhine-Westphalia,1091,Steinfurt HRA 1091,Steinfurt,,,true,true,true,true,true,true,true,,,"Heinrich Ruck, Baustoffgrosshandlung",,,,,,,,,,,,,,,,,,,,,,,,,,,
Haeusl` Air Michael Haeusler,1687519,2018-06-19T22:26:21Z,D5701V_HRA1093,de/D5701V_HRA1093,removed,de,"c/o Michael Haeusler, Flurstraße 42, 84095 Furth.",c/o Michael Haeusler,Flurstraße,"42, 84095 Furth.",Ingolstadt,HRA,Bavaria,1093,Ingolstadt HRA 1093,Ingolstadt,,,false,true,true,true,false,true,true,,,,,,,,,,,,,,,,,,,,,,,,,,,,,,
Handelsmarkt Gesellschaft mit beschränkter Haftung,1687523,2018-06-19T22:26:21Z,R1901_HRB1093,de/R1901_HRB1093,currently registered,de,Wiebelsheidestr.,Wiebelsheidestr.,,,Arnsberg,HRB,North Rhine-Westphalia,1093,Arnsberg HRB 1093,Arnsberg,,,true,true,true,true,true,true,true,,,,Uwe Kröber,person,Geschäftsführer,2015-12-14,,Kröber,Uwe,Arnsberg,,sole representation,,,,,,,,,,,,,,,,,
Uzun Estrichbau GmbH,1688667,2018-06-19T22:31:28Z,P2106_HRB1095,de/P2106_HRB1095,currently registered,de,Danziger Str.,Danziger Str.,,,Stadthagen,HRB,Lower Saxony,1095,Stadthagen HRB 1095,Stadthagen,,,true,true,true,true,false,true,true,,,,Suriye : Uzuneminoglu,person,Liquidator,2017-11-24,,: Uzuneminoglu,Suriye,Stadthagen,,,,,,,,,,,,,,,,,,,
RUG ASILU GmbH & Co. KG,1689051,2018-06-19T22:33:59Z,M1706_HRA1096,de/M1706_HRA1096,removed,de,Forststr.,Forststr.,,,Limburg,HRA,Hesse,1096,Limburg HRA 1096,Limburg a. d. Lahn,,,false,true,true,true,false,true,true,,,,"RUG Regionale Umweltgesellschaft mbH, Limburg a. d. Lahn (Amtsgericht Limburg a. d. Lahn HRB 1974).",company,Persönlich haftender Gesellschafter,,2012-02-20,,,,true,,,,,,,,,,,,,,,,,,
M.A.I. Michael A.Ishorst e.K.,1689883,2018-06-19T22:56:16Z,X1721R_HRA1099RE,de/X1721R_HRA1099RE,currently registered,de,Hauptstr.,Hauptstr.,,,Lübeck,HRA,Schleswig-Holstein,1099,Lübeck HRA 1099 RE,Barsbüttel,,RE,true,true,true,true,true,true,true,,,M.A.I. Michael A.Ishorst,Michael Alexander Ishorst,person,Inhaber,,2013-11-27,Ishorst,Michael Alexander,,true,,1,,,,,,,,,,,,,,,,
Michael Brüger Grundstücksverwaltungs- und Beteiligungsgesellschaft mbH & Co. Kommanditgesellschaft,1690336,2018-06-19T22:58:48Z,X1517R_HRA1100RD,de/X1517R_HRA1100RD,currently registered,de,Friedrichstädter Str.,Friedrichstädter Str.,,,Kiel,HRA,Schleswig-Holstein,1100,Kiel HRA 1100 RD,Rendsburg,,RD,true,true,true,true,true,true,true,,,,,,,,,,,,,,,,,,,,,,,,,,,,,,
Oberlausitzer Vertriebs- und Dienstleistungsgesellschaft mbH,1690807,2018-06-19T23:01:23Z,U1104_HRB1101,de/U1104_HRB1101,currently registered,de,Fortschrittstr.,Fortschrittstr.,,,Dresden,HRB,Saxony,1101,Dresden HRB 1101,Obergurig,,,true,true,true,true,true,true,true,,,Oberlausitzer Vertriebs- und Dienstleistungsgesellschaft mbH (Wehrsdorf),,,,,,,,,,,,,,,,,,,,,,,,,,,
Spedition Wwe. Theodor Hövelmann GmbH & Co.KG,1690883,2018-06-19T23:01:23Z,R1304_HRA1101,de/R1304_HRA1101,currently registered,de,Reeser Str.,Reeser Str.,,,Kleve,HRA,North Rhine-Westphalia,1101,Kleve HRA 1101,Rees-Empel,,,true,true,true,true,true,true,true,,,,Georg Elsing,person,Prokurist,,2006-09-21,Elsing,Georg,Emmerich-Praest,true,,,kaufmännischer Angestellter,,,,,,,,,,,,,,,
ST-Verwaltungsgesellschaft mbH,1692248,2018-06-19T23:09:02Z,M1706_HRB1104,de/M1706_HRB1104,currently registered,de,Luisenstr.,Luisenstr.,,,Limburg,HRB,Hesse,1104,Limburg HRB 1104,Bad Camberg,,,true,true,true,true,true,true,true,,,WESPO Gesellschaft für Unternehmensberatung und Organisation mbH,,,,,,,,,,,,,,,,,,,,,,,,,,,
Fielmann AG & Co.OHG,1692917,2018-06-19T23:14:07Z,N1105V_HRA1106,de/N1105V_HRA1106,currently registered,de,Strelitzer Str.,Strelitzer Str.,,,Neubrandenburg,HRA,Mecklenburg-Western Pomerania,1106,Neubrandenburg HRA 1106,Neustrelitz,,,true,true,true,true,true,true,true,,,Fielmann AG & Co.,"Fielmann Finanzservice GmbH, Hamburg (HRB 30823).",company,Persönlich haftender Gesellschafter,2013-11-27,,,,,,,,,,,,,,,,,,,,,,,
Kramer Steuerberatungsgesellschaft mbH,1693054,2018-06-19T23:14:07Z,P2305_HRB1106,de/P2305_HRB1106,currently registered,de,Plathnerstr.,Plathnerstr.,,,Hannover,HRB,Lower Saxony,1106,Hannover HRB 1106,Hannover,,,true,true,true,true,false,true,true,,,Nordmeier Steuerberatungsgesellschaft mit beschränkter Haftung,Herbert Kramer,person,Geschäftsführer,2009-01-15,,Kramer,Herbert,Springe,,sole representation,,,,,,,,,,,,,,,,,
Helmut Sunderbrink GmbH & Co. KG,1693472,2018-06-19T23:16:44Z,R2108_HRA1107,de/R2108_HRA1107,currently registered,de,Valdorfer Str.,Valdorfer Str.,,,Bad Oeynhausen,HRA,North Rhine-Westphalia,1107,Bad Oeynhausen HRA 1107,Bad Oeynhausen,,,true,true,true,true,true,true,true,,,Helmut Sunderbrink,,,,,,,,,,,,,,,,,,,,,,,,,,,
Vario-Bauträger GmbH,1693668,2018-06-19T23:16:44Z,D3101V_HRB1107,de/D3101V_HRB1107,removed,de,Max-Planck-Str.,Max-Planck-Str.,,,Amberg,HRB,Bavaria,1107,Amberg HRB 1107,Amberg,,,false,true,true,true,false,true,true,,,,,,,,,,,,,,,,,,,,,,,,,,,,,,
Ernst Hentschel Spreewälder Sauerkonserven und Fruchtsaftbetrieb GmbH & Co. KG,1695641,2018-06-19T23:29:34Z,G1103_HRA1112,de/G1103_HRA1112,currently registered,de,Wiesenstr.,Wiesenstr.,,,Cottbus,HRA,Brandenburg,1112,Cottbus HRA 1112,Lübbenau/Spreewald,,,true,true,true,true,true,true,true,,,,,,,,,,,,,,,,,,,,,,,,,,,,,,
Forsters Sporthaus Ines Forster e.Kfr.,1696581,2018-06-19T23:34:41Z,G1207_HRA1114,de/G1207_HRA1114,currently registered,de,Lessingstr.,Lessingstr.,,,Frankfurt/Oder,HRA,Brandenburg,1114,Frankfurt/Oder HRA 1114,Storkow (Mark),,,true,true,true,true,true,true,true,,,Forsters Sporthaus Ines Forster,,,,,,,,,,,,,,,,,,,,,,,,,,,
"MMJ GmbH, Gesellschaft für erneuerbare Energien",1698069,2018-06-19T23:42:17Z,P3101_HRB1117,de/P3101_HRB1117,currently registered,de,Fohrenstr.,Fohrenstr.,,,Aurich,HRB,Lower Saxony,1117,Aurich HRB 1117,Großefehn,,,true,true,true,true,false,true,true,,,,Carsten de Wall,person,Geschäftsführer,2010-11-05,,de Wall,Carsten,Großefehn,,sole representation,,,,,,,,,,,,,,,,,
Sanitär - Handel Gesellschaft mit beschränkter Haftung.,1698129,2018-06-19T23:42:17Z,T3104V_HRB1117,de/T3104V_HRB1117,removed,de,Holbeinstr.,Holbeinstr.,,,Ludwigshafen a.Rhein (Ludwigshafen),HRB,Rhineland-Palatinate,1117,Ludwigshafen a.Rhein (Ludwigshafen) HRB 1117,Ludwigshafen am Rhein,,,false,true,true,true,false,true,true,,,,Heidemarie Doris Landmann,person,Liquidator,2013-10-09,,Landmann,Heidemarie Doris,Ludwigshafen,,,,,,,,,,,,,,,,,,,
Julius Fröbus Gesellschaft mit beschränkter Haftung,1698460,2018-06-19T23:44:50Z,R3306_HRB1118,de/R3306_HRB1118,currently registered,de,"Schanzenstraße 6-20, Werkstatt 2.1, 51063 Köln.",Schanzenstraße 6-20,Werkstatt,"2.1, 51063 Köln.",Köln,HRB,North Rhine-Westphalia,1118,Köln HRB 1118,Köln,,,true,true,true,true,true,true,true,,,,,,,,,,,,,,,,,,,,,,,,,,,,,,
Orthopädie-Haus Wiesmoor GmbH,1699873,2018-06-19T23:52:29Z,P3101_HRB1121,de/P3101_HRB1121,currently registered,de,Wittmunder Str.,Wittmunder Str.,,,Aurich,HRB,Lower Saxony,1121,Aurich HRB 1121,Wiesmoor,,,true,true,true,true,false,true,true,,,,,,,,,,,,,,,,,,,,,,,,,,,,,,
